"PUBLICID","Well","TA_GeneID","Duplicate.ORFs","TARGETTRANS","Activator.Inhibitor","CONSTRUCTNAME","ISMUTANT","TARGETGENE","TA_REF.vs..DLBCL","ReferencePathway.Process"
"0","a01",NA,NA,NA,NA,NA,NA,NA,NA,NA
"0","a02",NA,NA,NA,NA,NA,NA,NA,NA,NA
"0","p06",NA,NA,NA,NA,NA,NA,NA,NA,NA
"0","p20",NA,NA,NA,NA,NA,NA,NA,NA,NA
"0","p21",NA,NA,NA,NA,NA,NA,NA,NA,NA
"0","k08",NA,NA,NA,NA,NA,NA,NA,NA,NA
"0","b23",NA,NA,NA,NA,NA,NA,NA,NA,NA
"0","m02",NA,NA,NA,NA,NA,NA,NA,NA,NA
"0","d17",NA,NA,NA,NA,NA,NA,NA,NA,NA
"0","m16",NA,NA,NA,NA,NA,NA,NA,NA,NA
"0","c03",NA,NA,NA,NA,NA,NA,NA,NA,NA
"0","a12",NA,NA,NA,NA,NA,NA,NA,NA,NA
"0","f13",NA,NA,NA,NA,NA,NA,NA,NA,NA
"0","p17",NA,NA,NA,NA,NA,NA,NA,NA,NA
"0","a15",NA,NA,NA,NA,NA,NA,NA,NA,NA
"0","p19",NA,NA,NA,NA,NA,NA,NA,NA,NA
"0","f16",NA,NA,NA,NA,NA,NA,NA,NA,NA
"0","l09",NA,NA,NA,NA,NA,NA,NA,NA,NA
"0","p22",NA,NA,NA,NA,NA,NA,NA,NA,NA
"0","p23",NA,NA,NA,NA,NA,NA,NA,NA,NA
"0","p24",NA,NA,NA,NA,NA,NA,NA,NA,NA
"0","c14",NA,NA,NA,NA,NA,NA,NA,NA,NA
"0","o22",NA,NA,NA,NA,NA,NA,NA,NA,NA
"0","o10",NA,NA,NA,NA,NA,NA,NA,NA,NA
"0","b01",NA,NA,NA,NA,NA,NA,NA,NA,NA
"0","b02",NA,NA,NA,NA,NA,NA,NA,NA,NA
"0","c19",NA,NA,NA,NA,NA,NA,NA,NA,NA
"0","e12",NA,NA,NA,NA,NA,NA,NA,NA,NA
"0","j13",NA,NA,NA,NA,NA,NA,NA,NA,NA
"0","o01",NA,NA,NA,NA,NA,NA,NA,NA,NA
"0","m11",NA,NA,NA,NA,NA,NA,NA,NA,NA
"0","e16",NA,NA,NA,NA,NA,NA,NA,NA,NA
"0","e17",NA,NA,NA,NA,NA,NA,NA,NA,NA
"0","o20",NA,NA,NA,NA,NA,NA,NA,NA,NA
"0","n05",NA,NA,NA,NA,NA,NA,NA,NA,NA
"0","o21",NA,NA,NA,NA,NA,NA,NA,NA,NA
"0","g14",NA,NA,NA,NA,NA,NA,NA,NA,NA
"0","b14",NA,NA,NA,NA,NA,NA,NA,NA,NA
"0","l17",NA,NA,NA,NA,NA,NA,NA,NA,NA
"0","l18",NA,NA,NA,NA,NA,NA,NA,NA,NA
"0","p03",NA,NA,NA,NA,NA,NA,NA,NA,NA
"0","i11",NA,NA,NA,NA,NA,NA,NA,NA,NA
"0","o18",NA,NA,NA,NA,NA,NA,NA,NA,NA
"0","o19",NA,NA,NA,NA,NA,NA,NA,NA,NA
"0","p18",NA,NA,NA,NA,NA,NA,NA,NA,NA
"0","n16",NA,NA,NA,NA,NA,NA,NA,NA,NA
"0","i06",NA,NA,NA,NA,NA,NA,NA,NA,NA
"0","o24",NA,NA,NA,NA,NA,NA,NA,NA,NA
"0","h19",NA,NA,NA,NA,NA,NA,NA,NA,NA
"0","h07",NA,NA,NA,NA,NA,NA,NA,NA,NA
"0","h08",NA,NA,NA,NA,NA,NA,NA,NA,NA
"0","i23",NA,NA,NA,NA,NA,NA,NA,NA,NA
"0","o23",NA,NA,NA,NA,NA,NA,NA,NA,NA
"0","o17",NA,NA,NA,NA,NA,NA,NA,NA,NA
"0","k17",NA,NA,NA,NA,NA,NA,NA,NA,NA
"0","d08",NA,NA,NA,NA,NA,NA,NA,NA,NA
"0","g15",NA,NA,NA,NA,NA,NA,NA,NA,NA
"0","l04",NA,NA,NA,NA,NA,NA,NA,NA,NA
"0","j02",NA,NA,NA,NA,NA,NA,NA,NA,NA
"BRDN0000464846","f02",1050,"duplicate-Cat2","NM_004364.3","0","ORF023753.1_TRC304.1",0,"CEBPA","TA_REF","Transcription Factors"
"BRDN0000464847","f04",1050,"duplicate-Cat2","NM_004364.3","0","ORF023754.1_TRC304.1",0,"CEBPA","TA_REF","Transcription Factors"
"BRDN0000464848","f06",1387,"0","NM_004380.2","0","ORF023755.1_TRC304.1",0,"CREBBP","TA_REF","Chromatin Modifiers"
"BRDN0000464849","f08",2064,"duplicate-Cat2","NM_004448.2","0","ORF023756.1_TRC304.1",0,"ERBB2","TA_REF","RTK"
"BRDN0000464850","f10",3845,"duplicate-Cat2","NM_004985.3","0","ORF022165.1_TRC304.1",0,"KRAS","TA_REF","RTK"
"BRDN0000464851","f12",3845,"duplicate-Cat2","NM_004985.3","0","ORF022167.1_TRC304.1",0,"KRAS","TA_REF","RTK"
"BRDN0000464852","f24",10413,"0","NM_001130145.2","Inhibitor","ORF022271.1_TRC304.1",0,"YAP1","TA_REF","Canonical Hippo"
"BRDN0000464853","h02",324,"0","NM_001127510.2","Inhibitor","ORF022048.1_TRC304.1",0,"APC","TA_REF","Canonical WNT"
"BRDN0000464854","h04",1499,"0","NM_001904.3","0","ORF022082.1_TRC304.1",0,"CTNNB1","TA_REF","Canonical WNT"
"BRDN0000464855","h06",1452,"duplicate-Cat2","NM_001892.4","Inhibitor","ORF022081.1_TRC304.1",0,"CSNK1A1","TA_REF","Canonical WNT"
"BRDN0000464856","h10",10413,"duplicate-Cat2","NM_001195045.1","Inhibitor","ORF023757.1_TRC304.1",0,"YAP1","TA_REF","Canonical Hippo"
"BRDN0000464857","h12",10413,"duplicate-Cat2","NM_001195045.1","Inhibitor","ORF023758.1_TRC304.1",0,"YAP1","TA_REF","Canonical Hippo"
"BRDN0000464858","l06",5569,"0","NM_006823.3","Inhibitor","ORF022215.1_TRC304.1",0,"PKIA","TA_REF","PKA"
"BRDN0000464859","l08",5568,"0","NM_002732.3","0","ORF022222.1_TRC304.1",0,"PRKACG","TA_REF","PKA"
"BRDN0000464860","l10",5187,"0","NM_002616.2","0","ORF022211.1_TRC304.1",0,"PER1","TA_REF","Circadian Rhythm"
"BRDN0000464861","l12",22926,"0","NM_007348.3","0","ORF022055.1_TRC304.1",0,"ATF6","TA_REF","ER Stress/UPR"
"BRDN0000464862","l14",84335,"duplicate-Cat2","NM_001098633.3","Inhibitor","ORF022043.1_TRC304.1",0,"AKT1S1","TA_REF","TOR"
"BRDN0000464863","l16",84335,"duplicate-Cat2","NM_001098633.3","Inhibitor","ORF022044.1_TRC304.1",0,"AKT1S1","TA_REF","TOR"
"BRDN0000464864","l20",345611,"0","NM_001145805.1","0","ORF022155.1_TRC304.1",0,"IRGM","TA_REF","Autophagy"
"BRDN0000464865","l22",3516,"0","NM_203283.2","0","ORF022231.1_TRC304.1",0,"RBPJ","TA_REF","NOTCH"
"BRDN0000464866","l24",28514,"0","NM_005618.3","0","ORF022086.1_TRC304.1",0,"DLL1","TA_REF","NOTCH"
"BRDN0000464867","n02",6608,"duplicate-Cat2","NM_005631.4","0","ORF022244.1_TRC304.1",0,"SMO","TA_REF","Hedgehog"
"BRDN0000464868","n04",6608,"duplicate-Cat2","NM_005631.4","0","ORF022246.1_TRC304.1",0,"SMO","TA_REF","Hedgehog"
"BRDN0000464869","n06",2735,"duplicate-Cat2","NM_005269.2","0","ORF022134.1_TRC304.1",0,"GLI1","TA_REF","Hedgehog"
"BRDN0000464870","n08",64798,"duplicate-Cat2","NM_022783.2","Inhibitor","ORF023759.1_TRC304.1",0,"DEPTOR","TA_REF","TOR"
"BRDN0000464871","n10",64798,"duplicate-Cat2","NM_022783.2","Inhibitor","ORF023760.1_TRC304.1",0,"DEPTOR","TA_REF","TOR"
"BRDN0000464872","n12",10891,"duplicate-Cat2","NM_013261.3","0","ORF023761.1_TRC304.1",0,"PPARGC1A","TA_REF","Mitochondria Oxidative Phosphorylation"
"BRDN0000464873","n14",10891,"duplicate-Cat2","NM_013261.3","0","ORF023762.1_TRC304.1",0,"PPARGC1A","TA_REF","Mitochondria Oxidative Phosphorylation"
"BRDN0000464874","n24",4615,"0","NM_002468.4","0","ORF022190.1_TRC304.1",0,"MYD88","TA_REF","Canonical NFkB"
"BRDN0000464875","p02",2308,"duplicate-Cat2","NM_002015.3","Inhibitor","ORF023763.1_TRC304.1",0,"FOXO1","TA_REF","Canonical PI3K/AKT"
"BRDN0000464876","p04",2308,"duplicate-Cat2","NM_002015.3","Inhibitor","ORF023764.1_TRC304.1",0,"FOXO1","TA_REF","Canonical PI3K/AKT"
"BRDN0000464877","k22",7494,"duplicate-Cat2","NM_005080.3","0","ORF022267.1_TRC304.1",0,"XBP1","TA_REF","Canonical ER Stress/UPR"
"BRDN0000464878","k24",7494,"duplicate-Cat2","NM_005080.3","0","ORF022268.1_TRC304.1",0,"XBP1","TA_REF","Canonical ER Stress/UPR"
"BRDN0000464879","m04",5566,"duplicate-Cat2","NM_002730.3","0","ORF022221.1_TRC304.1",0,"PRKACA","TA_REF","Canonical PKA"
"BRDN0000464880","m06",5290,"duplicate-Cat2","NM_006218.2","0","ORF022214.1_TRC304.1",0,"PIK3CA","TA_REF","Canonical PI3K/AKT"
"BRDN0000464881","m08",1147,"duplicate-Cat2","NM_001278.3","0","ORF022075.1_TRC304.1",0,"CHUK","TA_REF","Canonical NFkB"
"BRDN0000464882","m10",4293,"0","NM_033141.2","0","ORF022178.1_TRC304.1",0,"MAP3K9","TA_REF","Canonical MAPK"
"BRDN0000464883","m12",7424,"0","NM_005429.3","0","ORF022265.1_TRC304.1",0,"VEGFC","TA_REF","Canonical Hypoxia"
"BRDN0000464884","m14",1147,"duplicate-Cat2","NM_001278.3","0","ORF022076.1_TRC304.1",0,"CHUK","TA_REF","Canonical NFkB"
"BRDN0000464885","m18",91,"0","NM_001106.3","0","ORF022041.1_TRC304.1",0,"ACVR2B","TA_REF","Canonical BMP"
"BRDN0000464886","m20",7046,"0","NM_001130916.1","Inhibitor","ORF022257.1_TRC304.1",0,"TGFBR1","TA_REF","Canonical TGFbeta"
"BRDN0000464887","m22",6925,"0","NM_003199.2","0","ORF022255.1_TRC304.1",0,"TCF4","TA_REF","Canonical WNT"
"BRDN0000464888","m24",1855,"0","NM_004421.2","0","ORF022091.1_TRC304.1",0,"DVL1","TA_REF","Canonical WNT"
"BRDN0000464889","o02",4088,"0","NM_001145102.1","0","ORF022243.1_TRC304.1",0,"SMAD3","TA_REF","Canonical SMAD"
"BRDN0000464890","o04",5970,"0","NM_021975.3","0","ORF022234.1_TRC304.1",0,"RELA","TA_REF","Canonical NFkB"
"BRDN0000464891","o06",83939,"duplicate-Cat2","NM_032025.3","0","ORF022106.1_TRC304.1",0,"EIF2A","TA_REF","Canonical ER Stress/UPR"
"BRDN0000464892","o08",317,"0","NM_181861.1","0","ORF022047.1_TRC304.1",0,"APAF1","TA_REF","Canonical Apoptosis"
"BRDN0000464893","o12",6416,"duplicate-Cat2","NM_003010.2","0","ORF022174.1_TRC304.1",0,"MAP2K4","TA_REF","Canonical MAPK"
"BRDN0000464894","o14",5604,"duplicate-Cat2","NM_002755.3","0","ORF022172.1_TRC304.1",0,"MAP2K1","TA_REF","Canonical MAPK"
"BRDN0000464895","o16",5966,"duplicate-Cat2","NM_002908.2","0","ORF022232.1_TRC304.1",0,"REL","TA_REF","Canonical NFkB"
"BRDN0000464896","b03",83939,"duplicate-Cat2","NM_032025.3","0","ORF022107.1_TRC304.1",0,"EIF2A","TA_REF","Canonical ER Stress/UPR"
"BRDN0000464897","b05",2932,"duplicate-Cat2","NM_002093.3","Inhibitor","ORF022137.1_TRC304.1",0,"GSK3B","TA_REF","Canonical WNT"
"BRDN0000464898","b07",10746,"duplicate-Cat2","NM_006609.4","0","ORF022176.1_TRC304.1",0,"MAP3K2","TA_REF","Canonical MAPK"
"BRDN0000464899","b09",369,"0","NM_001654.4","0","ORF022052.1_TRC304.1",0,"ARAF","TA_REF","Canonical MAPK"
"BRDN0000464900","b11",7494,"duplicate-Cat2","NM_005080.3","0","ORF022269.1_TRC304.1",0,"XBP1","TA_REF","Canonical ER Stress/UPR"
"BRDN0000464901","b13",3309,"0","NM_005347.4","0","ORF022149.1_TRC304.1",0,"HSPA5","TA_REF","Canonical ER Stress/UPR"
"BRDN0000464902","b15",7428,"0","NM_000551.3","Inhibitor","ORF022266.1_TRC304.1",0,"VHL","TA_REF","Canonical Hypoxia"
"BRDN0000464903","b17",2932,"duplicate-Cat2","NM_002093.3","Inhibitor","ORF022138.1_TRC304.1",0,"GSK3B","TA_REF","Canonical WNT"
"BRDN0000464904","b19",1977,"0","NM_001968.3","0","ORF022110.1_TRC304.1",0,"EIF4E","TA_REF","Canonical Translation"
"BRDN0000464905","b21",5925,"0","NM_000321.2","Inhibitor","ORF022230.1_TRC304.1",0,"RB1","TA_REF","Canonical Cell Cycle"
"BRDN0000464906","d01",331,"0","NM_001204401.1","Inhibitor","ORF022270.1_TRC304.1",0,"XIAP","TA_REF","Canonical Apoptosis"
"BRDN0000464907","d03",998,"0","NM_001791.3","0","ORF022072.1_TRC304.1",0,"CDC42","TA_REF","Canonical Cytoskeletal Re-org"
"BRDN0000464908","d05",7157,"0","NM_001126112.2","0","ORF022258.1_TRC304.1",0,"TP53","TA_REF","Canonical DNA Damage"
"BRDN0000464909","d07",1407,"0","NM_004075.3","0","ORF022080.1_TRC304.1",0,"CRY1","TA_REF","Canonical Circadian Rhythm"
"BRDN0000464910","d09",3091,"0","NM_001530.3","0","ORF022142.1_TRC304.1",0,"HIF1A","TA_REF","Canonical Hypoxia"
"BRDN0000464911","d11",4791,"0","NM_001077494.2","0","ORF022194.1_TRC304.1",0,"NFKB2","TA_REF","Canonical NFkB"
"BRDN0000464912","d13",5879,"0","NM_006908.4","0","ORF022228.1_TRC304.1",0,"RAC1","TA_REF","Canonical Cytoskeletal Re-org"
"BRDN0000464913","d15",2081,"0","NM_001433.3","0","ORF022118.1_TRC304.1",0,"ERN1","TA_REF","Canonical ER Stress/UPR"
"BRDN0000464914","d19",6198,"0","NM_003161.3","0","ORF022237.1_TRC304.1",0,"RPS6KB1","TA_REF","Canonical TOR"
"BRDN0000464915","d21",1869,"0","NM_005225.2","0","ORF022092.1_TRC304.1",0,"E2F1","TA_REF","Canonical Cell Cycle"
"BRDN0000464916","d23",8678,"0","NM_003766.3","0","ORF022060.1_TRC304.1",0,"BECN1","TA_REF","Canonical Autophagy"
"BRDN0000464917","f01",5594,"duplicate-Cat2","NM_138957.2","0","ORF022180.1_TRC304.1",0,"MAPK1","TA_REF","Canonical MAPK"
"BRDN0000464918","f03",7188,"0","NM_145759.2","0","ORF022260.1_TRC304.1",0,"TRAF5","TA_REF","Canonical NFkB"
"BRDN0000464919","f05",650,"0","NM_001200.2","0","ORF022062.1_TRC304.1",0,"BMP2","TA_REF","Canonical BMP"
"BRDN0000464920","f07",4794,"0","NM_004556.2","Inhibitor","ORF022196.1_TRC304.1",0,"NFKBIE","TA_REF","Canonical NFkB"
"BRDN0000464921","f09",2887,"duplicate-Cat2","NM_005311.4","0","ORF022135.1_TRC304.1",0,"GRB10","TA_REF","Canonical Insulin Receptor Signaling"
"BRDN0000464922","f11",468,"0","NM_182810.1","0","ORF022054.1_TRC304.1",0,"ATF4","TA_REF","Canonical ER Stress/UPR"
"BRDN0000464923","f15",1843,"0","NM_004417.3","Inhibitor","ORF022090.1_TRC304.1",0,"DUSP1","TA_REF","Canonical MAPK"
"BRDN0000464924","f17",7184,"duplicate-Cat2","NM_003299.1","0","ORF022147.1_TRC304.1",0,"HSP90B1","TA_REF","Canonical ER Stress/UPR"
"BRDN0000464925","f19",1649,"0","NM_004083.5","0","ORF022085.1_TRC304.1",0,"DDIT3","TA_REF","Canonical ER Stress/UPR"
"BRDN0000464926","f21",3725,"0","NM_002228.3","0","ORF022162.1_TRC304.1",0,"JUN","TA_REF","Canonical MAPK"
"BRDN0000464927","f23",8313,"0","NM_004655.3","Inhibitor","ORF022058.1_TRC304.1",0,"AXIN2","TA_REF","Canonical WNT"
"BRDN0000464928","h01",5527,"0","NM_002719.3","Inhibitor","ORF022220.1_TRC304.1",0,"PPP2R5C","TA_REF","Canonical PI3K/AKT"
"BRDN0000464929","h03",841,"0","NM_033355.3","0","ORF022066.1_TRC304.1",0,"CASP8","TA_REF","Canonical Apoptosis"
"BRDN0000464930","h05",5598,"0","NM_139034.2","0","ORF022181.1_TRC304.1",0,"MAPK7","TA_REF","Canonical MAPK"
"BRDN0000464931","h09",3654,"0","NM_001025243.1","0","ORF022153.1_TRC304.1",0,"IRAK1","TA_REF","Canonical NFkB"
"BRDN0000464932","h11",5045,"duplicate-Cat2","NM_002569.2","0","ORF022129.1_TRC304.1",0,"FURIN","TA_REF","Canonical TGFbeta"
"BRDN0000464933","h13",4790,"0","NM_003998.3","0","ORF022193.1_TRC304.1",0,"NFKB1","TA_REF","Canonical NFkB"
"BRDN0000464934","h15",182,"0","NM_000214.2","0","ORF022159.1_TRC304.1",0,"JAG1","TA_REF","Canonical NOTCH"
"BRDN0000464935","h17",6416,"duplicate-Cat2","NM_003010.2","0","ORF022175.1_TRC304.1",0,"MAP2K4","TA_REF","Canonical MAPK"
"BRDN0000464936","h21",2887,"duplicate-Cat2","NM_005311.4","0","ORF022136.1_TRC304.1",0,"GRB10","TA_REF","Canonical Insulin Receptor Signaling"
"BRDN0000464937","h23",10000,"duplicate-Cat2","NM_005465.4","0","ORF022045.1_TRC304.1",0,"AKT3","TA_REF","Canonical PI3K/AKT"
"BRDN0000464938","j01",7184,"duplicate-Cat2","NM_003299.1","0","ORF022148.1_TRC304.1",0,"HSP90B1","TA_REF","Canonical ER Stress/UPR"
"BRDN0000464939","j03",5728,"0","NM_000314.4","Inhibitor","ORF022227.1_TRC304.1",0,"PTEN","TA_REF","Canonical PI3K/AKT"
"BRDN0000464940","j05",7187,"0","NM_145725.2","0","ORF022259.1_TRC304.1",0,"TRAF3","TA_REF","Canonical NFkB"
"BRDN0000464941","j07",79109,"0","NM_024117.3","0","ORF022183.1_TRC304.1",0,"MAPKAP1","TA_REF","Canonical TOR"
"BRDN0000464942","j09",5966,"duplicate-Cat2","NM_002908.2","0","ORF022233.1_TRC304.1",0,"REL","TA_REF","Canonical NFkB"
"BRDN0000464943","j11",1540,"duplicate-Cat1","NM_001042412.1","Inhibitor","ORF022083.1_TRC304.1",0,"CYLD","TA_REF","Canonical NFkB"
"BRDN0000464943","j15",1540,"duplicate-Cat1","NM_001042412.1","Inhibitor","ORF022083.1_TRC304.1",0,"CYLD","TA_REF","Canonical NFkB"
"BRDN0000464945","j17",5606,"0","NM_145109.2","0","ORF022173.1_TRC304.1",0,"MAP2K3","TA_REF","Canonical MAPK"
"BRDN0000464946","j19",23239,"0","NM_194449.3","Inhibitor","ORF022213.1_TRC304.1",0,"PHLPP1","TA_REF","Canonical PI3K/AKT"
"BRDN0000464947","j21",54583,"duplicate-Cat2","NM_022051.2","Inhibitor","ORF023765.1_TRC304.1",0,"EGLN1","TA_REF","Canonical Hypoxia"
"BRDN0000464948","j23",54583,"duplicate-Cat2","NM_022051.2","Inhibitor","ORF023766.1_TRC304.1",0,"EGLN1","TA_REF","Canonical Hypoxia"
"BRDN0000464949","l01",7248,"duplicate-Cat2","NM_000368.4","Inhibitor","ORF023767.1_TRC304.1",0,"TSC1","TA_REF","Canonical TOR"
"BRDN0000464950","l03",7248,"duplicate-Cat2","NM_000368.4","Inhibitor","ORF023768.1_TRC304.1",0,"TSC1","TA_REF","Canonical TOR"
"BRDN0000464951","l05",7189,"duplicate-Cat2","NM_145803.2","0","ORF023769.1_TRC304.1",0,"TRAF6","TA_REF","Canonical NFkB"
"BRDN0000464952","l07",7189,"duplicate-Cat2","NM_145803.2","0","ORF023770.1_TRC304.1",0,"TRAF6","TA_REF","Canonical NFkB"
"BRDN0000464953","l11",673,"duplicate-Cat2","NM_004333.4","0","ORF023771.1_TRC304.1",0,"BRAF","TA_REF","Canonical MAPK"
"BRDN0000464954","l13",673,"duplicate-Cat2","NM_004333.4","0","ORF023772.1_TRC304.1",0,"BRAF","TA_REF","Canonical MAPK"
"BRDN0000464955","l15",4851,"duplicate-Cat2","NM_017617.3","0","ORF023773.1_TRC304.1",0,"NOTCH1","TA_REF","Canonical NOTCH"
"BRDN0000464956","l19",4851,"duplicate-Cat2","NM_017617.3","0","ORF023774.1_TRC304.1",0,"NOTCH1","TA_REF","Canonical NOTCH"
"BRDN0000464957","l23",81892,"0","NM_031210.5","0","ORF022241.1_TRC304.1",0,"SLIRP","TA_REF","Mitochondria Oxidative Phosphorylation"
"BRDN0000464958","n01",1019,"0","NM_000075.3:c.70C>T","0","ORF022366.1_TRC304.1",1,"CDK4","TA_REF","Canonical Cell Cycle"
"BRDN0000464959","n03",658,"0","NM_001256794.1:c.692A>G","Inhibitor","ORF022348.1_TRC304.1",1,"BMPR1B","TA_REF","Canonical BMP"
"BRDN0000464960","n07",6198,"0","RPS6KB1_c.1234AC>GA","0","ORF022543.1_TRC304.1",1,"RPS6KB1","TA_REF","Canonical TOR"
"BRDN0000464961","n09",5590,"0","NM_002744.4:c.1_711del","0","ORF022433.1_TRC304.1",1,"PRKCZ","TA_REF","Canonical PKC"
"BRDN0000464962","n11",5578,"0","NM_002737.2:c.4_975del","0","ORF022430.1_TRC304.1",1,"PRKCA","TA_REF","Canonical PKC"
"BRDN0000464963","n13",5581,"0","NM_005400.2:c.4_1182del","0","ORF022432.1_TRC304.1",1,"PRKCE","TA_REF","Canonical PKC"
"BRDN0000464964","n15",5590,"0","NM_002744.4:c.842A>G","Inhibitor","ORF022434.1_TRC304.1",1,"PRKCZ","TA_REF","Canonical PKC"
"BRDN0000464965","n17",6772,"0","NM_139266.2:c.2102A>T","Inhibitor","ORF022447.1_TRC304.1",1,"STAT1","TA_REF","Canonical JAK/STAT"
"BRDN0000464966","n19",4615,"0","NM_002468.4:c.795G>A","0","ORF022408.1_TRC304.1",1,"MYD88","TA_REF","Canonical NFkB"
"BRDN0000464967","n21",3717,"0","NM_004972.3","0","ORF022496.1_TRC304.1",1,"JAK2","TA_REF","Canonical JAK/STAT"
"BRDN0000464968","n23",6774,"0","NM_139276.2:c.2114A>T","Inhibitor","ORF022450.1_TRC304.1",1,"STAT3","TA_REF","Canonical JAK/STAT"
"BRDN0000464969","p01",6774,"0","NM_139276.2:c.1984GCTACCAAT>TGTACCTGT","0","ORF022449.1_TRC304.1",1,"STAT3","TA_REF","Canonical JAK/STAT"
"BRDN0000464970","p05",10000,"0","NM_181690.2:c.49G>A","0","ORF022344.1_TRC304.1",1,"AKT3","TA_REF","Canonical PI3K/AKT"
"BRDN0000464971","p07",658,"0","NM_001256794.1:c.607CAG>GAC","0","ORF022347.1_TRC304.1",1,"BMPR1B","TA_REF","Canonical BMP"
"BRDN0000464972","p09",998,"0","NM_001791.3:c.50CA>AC","Inhibitor","ORF022365.1_TRC304.1",1,"CDC42","TA_REF","Canonical Cytoskeletal Re-org"
"BRDN0000464973","p11",22926,"0","NM_007348.3","0","ORF022491.1_TRC304.1",1,"ATF6","TA_REF","ER Stress/UPR"
"BRDN0000464974","p13",7494,"0","NM_005080.3","0","ORF022500.1_TRC304.1",1,"XBP1","TA_REF","Canonical ER Stress/UPR"
"BRDN0000464975","p15",387,"0","NM_001664.2:c.56CA>AC","Inhibitor","ORF022439.1_TRC304.1",1,"RHOA","TA_REF","Canonical Cytoskeletal Re-org"
"BRDN0000464976","b04",1499,"0","NM_001904.3:c.97TCTGGAATCCATTCTGGTGCCACTACCACAGCTCCTTCT>GCTGGAATCCATGCTGGTGCCACTGCCACAGCTCCTGCT","0","ORF022369.1_TRC304.1",1,"CTNNB1","TA_REF","Canonical WNT"
"BRDN0000464977","b06",5578,"0","NM_002737.2:c.1103A>G","Inhibitor","ORF022429.1_TRC304.1",1,"PRKCA","TA_REF","Canonical PKC"
"BRDN0000464978","b08",84433,"0","NM_032415.4","0","ORF022495.1_TRC304.1",1,"CARD11","TA_REF","NFkB"
"BRDN0000464979","b10",84433,"0","NM_032415.4:c.676insATT","0","ORF022354.1_TRC304.1",1,"CARD11","TA_REF","NFkB"
"BRDN0000464980","b12",998,"0","NM_001791.3:c.182A>T","0","ORF022364.1_TRC304.1",1,"CDC42","TA_REF","Canonical Cytoskeletal Re-org"
"BRDN0000464981","b16",5894,"0","NM_002880.3:c.1837C>G","0","ORF022437.1_TRC304.1",1,"RAF1","TA_REF","Canonical MAPK"
"BRDN0000464982","b18",5879,"0","NM_006908.4:c.182A>T","0","ORF022435.1_TRC304.1",1,"RAC1","TA_REF","Canonical Cytoskeletal Re-org"
"BRDN0000464983","b20",5879,"0","NM_006908.4:c.50C>A","Inhibitor","ORF022436.1_TRC304.1",1,"RAC1","TA_REF","Canonical Cytoskeletal Re-org"
"BRDN0000464984","b22",5581,"0","NM_005400.2:c.1310A>G","Inhibitor","ORF022431.1_TRC304.1",1,"PRKCE","TA_REF","Canonical PKC"
"BRDN0000464985","b24",387,"0","NM_001664.2:c.188A>T","0","ORF022438.1_TRC304.1",1,"RHOA","TA_REF","Canonical Cytoskeletal Re-org"
"BRDN0000464986","d02",7046,"0","NM_001130916.1","Inhibitor","ORF022499.1_TRC304.1",1,"TGFBR1","TA_REF","Canonical TGFbeta"
"BRDN0000464987","d04",673,"0","NM_004333.4","0","ORF022492.1_TRC304.1",1,"BRAF","TA_REF","Canonical MAPK"
"BRDN0000464988","d06",6714,"0","NM_198291.1:c.1589A>T","0","ORF022489.1_TRC304.1",1,"SRC","TA_REF","RTK"
"BRDN0000464989","d10",3845,"0","NM_033360.2","0","ORF022540.1_TRC304.1",1,"KRAS","TA_REF","RTK"
"BRDN0000464990","d12",3265,"0","HRAS_c.35G>T","0","ORF022546.1_TRC304.1",1,"HRAS","TA_REF","RTK"
"BRDN0000464991","d14",5604,"0","NM_002755.3:c.652TCCATGGCCAACTCC>GACATGGCCAACGAC","0","ORF022402.1_TRC304.1",1,"MAP2K1","TA_REF","Canonical MAPK"
"BRDN0000464992","d16",207,"0","AKT1_c.49G>A","0","ORF022544.1_TRC304.1",1,"AKT1","TA_REF","Canonical PI3K/AKT"
"BRDN0000464993","d18",2261,"0","FGFR3_c.1947A>G","0","ORF022545.1_TRC304.1",1,"FGFR3","TA_REF","RTK"
"BRDN0000464994","d22",2078,"duplicate-Cat1","NM_182918.3:c.1_96del","0","ORF022474.1_TRC304.1",1,"ERG","TA_REF","Transcription Factors"
"BRDN0000464994","d20",2078,"duplicate-Cat1","NM_182918.3:c.1_96del","0","ORF022474.1_TRC304.1",1,"ERG","TA_REF","Transcription Factors"
"BRDN0000464996","d24",4851,"0","NM_017617.3:c.4_5280del","0","ORF022484.1_TRC304.1",1,"NOTCH1","TA_REF","Canonical NOTCH"
"ccsbBroad304_00018","p08",91,"duplicate-Cat2","BC000254.1","0","ORF015922.1_TRC304.1",0,"ACVR1B","TA_REF","Canonical BMP"
"ccsbBroad304_00046","p10",207,"0","BC000479.2","0","ORF017112.1_TRC304.1",0,"AKT1","TA_REF","Canonical PI3K/AKT"
"ccsbBroad304_00047","p12",208,"0","BC120994.1","0","ORF007322.1_TRC304.1",0,"AKT2","TA_REF","Canonical PI3K/AKT"
"ccsbBroad304_00100","p14",387,"0","BC001360.2","0","ORF009273.1_TRC304.1",0,"RHOA","TA_REF","Canonical Cytoskeletal Re-org"
"ccsbBroad304_00105","p16",406,"0","BC041129.1","0","ORF005891.1_TRC304.1",0,"ARNTL","TA_REF","Canonical Circadian Rhythm"
"ccsbBroad304_00117","a03",468,"0","BC016855.2","0","ORF009152.1_TRC304.1",0,"ATF4","TA_REF","Canonical ER Stress/UPR"
"ccsbBroad304_00150","a05",581,"0","BC014175.2","0","ORF017345.1_TRC304.1",0,"BAX","TA_REF","Canonical Apoptosis"
"ccsbBroad304_00155","a07",595,"0","BC000076.2","0","ORF015238.1_TRC304.1",0,"CCND1","TA_REF","Canonical Cell Cycle"
"ccsbBroad304_00156","f14",598,"0","BC019307.1","Inhibitor","ORF017908.1_TRC304.1",0,"BCL2L1","TA_REF","Canonical Apoptosis"
"ccsbBroad304_00168","a09",658,"0","BC047773.1","0","ORF013703.1_TRC304.1",0,"BMPR1B","TA_REF","Canonical BMP"
"ccsbBroad304_00173","a11",672,"0","BC072418.1","0","ORF017723.1_TRC304.1",0,"BRCA1","TA_REF","Canonical DNA Damage"
"ccsbBroad304_00223","a13",842,"0","BC002452.2","0","ORF013609.1_TRC304.1",0,"CASP9","TA_REF","Canonical Apoptosis"
"ccsbBroad304_00238","n18",898,"0","BC035498.2","0","ORF011374.1_TRC304.1",0,"CCNE1","TA_REF","Canonical Cell Cycle"
"ccsbBroad304_00276","a17",1017,"duplicate-Cat2","BC003065.2","0","ORF013293.1_TRC304.1",0,"CDK2","TA_REF","Canonical Cell Cycle"
"ccsbBroad304_00277","a19",1019,"duplicate-Cat2","BC003644.2","0","ORF012672.1_TRC304.1",0,"CDK4","TA_REF","Canonical Cell Cycle"
"ccsbBroad304_00282","a21",1026,"0","BC000275.1","Inhibitor","ORF009291.1_TRC304.1",0,"CDKN1A","TA_REF","Canonical Cell Cycle"
"ccsbBroad304_00348","a23",1326,"0","BC113566.1","0","ORF000965.1_TRC304.1",0,"MAP3K8","TA_REF","Canonical MAPK"
"ccsbBroad304_00360","c01",1385,"0","BC010636.1","0","ORF000135.1_TRC304.1",0,"CREB1","TA_REF","Canonical MAPK"
"ccsbBroad304_00361","c05",1386,"0","BC130335.1","0","ORF008942.1_TRC304.1",0,"ATF2","TA_REF","Canonical MAPK"
"ccsbBroad304_00371","c07",1432,"duplicate-Cat2","BC000092.1","0","ORF006651.1_TRC304.1",0,"MAPK14","TA_REF","Canonical MAPK"
"ccsbBroad304_00379","c09",1454,"duplicate-Cat2","BC006490.2","0","ORF013253.1_TRC304.1",0,"CSNK1E","TA_REF","Canonical Circadian Rhythm"
"ccsbBroad304_00470","c11",1856,"0","BC014844.1","0","ORF003957.1_TRC304.1",0,"DVL2","TA_REF","Canonical WNT"
"ccsbBroad304_00490","c13",1978,"0","BC004459.1","Inhibitor","ORF011516.1_TRC304.1",0,"EIF4EBP1","TA_REF","Canonical TOR"
"ccsbBroad304_00498","c15",2002,"0","BC056150.1","0","ORF005645.1_TRC304.1",0,"ELK1","TA_REF","Canonical MAPK"
"ccsbBroad304_00565","c17",2271,"0","BC003108.1","Inhibitor","ORF011115.1_TRC304.1",0,"FH","TA_REF","Canonical Hypoxia"
"ccsbBroad304_00841","c21",3551,"0","BC108694.1","0","ORF004983.1_TRC304.1",0,"IKBKB","TA_REF","Canonical NFkB"
"ccsbBroad304_00882","c23",3667,"0","BC053895.1","0","ORF009993.1_TRC304.1",0,"IRS1","TA_REF","Canonical Insulin Receptor Signaling"
"ccsbBroad304_00962","e01",4089,"0","BC002379.2","0","ORF017918.1_TRC304.1",0,"SMAD4","TA_REF","Canonical SMAD"
"ccsbBroad304_00963","e03",4090,"0","BC009682.2","0","ORF004165.1_TRC304.1",0,"SMAD5","TA_REF","Canonical SMAD"
"ccsbBroad304_00964","h14",4092,"0","BC074818.2","Inhibitor","ORF000613.1_TRC304.1",0,"SMAD7","TA_REF","SMAD/ TGFb"
"ccsbBroad304_00985","h16",4170,"0","BC017197.2","0","ORF006103.1_TRC304.1",0,"MCL1","TA_REF","Apoptosis"
"ccsbBroad304_01029","h18",4342,"duplicate-Cat2","BC069569.1","0","ORF018033.1_TRC304.1",0,"MOS","TA_REF","MAPK"
"ccsbBroad304_01093","e05",4792,"0","BC002601.2","Inhibitor","ORF003768.1_TRC304.1",0,"NFKBIA","TA_REF","Canonical NFkB"
"ccsbBroad304_01094","e07",4793,"0","BC015528.1","Inhibitor","ORF016809.1_TRC304.1",0,"NFKBIB","TA_REF","Canonical NFkB"
"ccsbBroad304_01144","h20",5058,"0","BC109299.1","0","ORF011384.1_TRC304.1",0,"PAK1","TA_REF","Cytoskeletal Re-org"
"ccsbBroad304_01168","e09",5170,"duplicate-Cat2","BC006339.2","0","ORF005783.1_TRC304.1",0,"PDPK1","TA_REF","Canonical PI3K/AKT"
"ccsbBroad304_01202","e11",5291,"0","BC114432.1","0","ORF001892.1_TRC304.1",0,"PIK3CB","TA_REF","Canonical PI3K/AKT"
"ccsbBroad304_01204","e13",5293,"0","BC132919.1","0","ORF007400.1_TRC304.1",0,"PIK3CD","TA_REF","Canonical PI3K/AKT"
"ccsbBroad304_01278","e15",5567,"0","BC016285.1","0","ORF008264.1_TRC304.1",0,"PRKACB","TA_REF","Canonical PKA"
"ccsbBroad304_01281","e19",5578,"0","BC109273.1","0","ORF000904.1_TRC304.1",0,"PRKCA","TA_REF","Canonical PKC"
"ccsbBroad304_01283","e21",5581,"0","BC109033.2","0","ORF001434.1_TRC304.1",0,"PRKCE","TA_REF","Canonical PKC"
"ccsbBroad304_01284","e23",5590,"duplicate-Cat2","BC008058.2","0","ORF000888.1_TRC304.1",0,"PRKCZ","TA_REF","Canonical PKC"
"ccsbBroad304_01287","g01",5599,"0","BC130570.1","0","ORF016790.1_TRC304.1",0,"MAPK8","TA_REF","Canonical MAPK"
"ccsbBroad304_01288","g03",5601,"duplicate-Cat2","BC032539.1","0","ORF002850.1_TRC304.1",0,"MAPK9","TA_REF","Canonical MAPK"
"ccsbBroad304_01289","g05",5603,"duplicate-Cat2","BC000433.2","0","ORF005805.1_TRC304.1",0,"MAPK13","TA_REF","Canonical MAPK"
"ccsbBroad304_01388","g07",5971,"0","BC028013.1","0","ORF013833.1_TRC304.1",0,"RELB","TA_REF","Canonical NFkB"
"ccsbBroad304_01398","g09",6009,"0","BC016155.1","0","ORF011404.1_TRC304.1",0,"RHEB","TA_REF","Canonical TOR"
"ccsbBroad304_01607","g11",6772,"0","BC002704.2","0","ORF016776.1_TRC304.1",0,"STAT1","TA_REF","Canonical JAK/STAT"
"ccsbBroad304_01609","g13",6774,"0","BC014482.1","0","ORF000755.1_TRC304.1",0,"STAT3","TA_REF","Canonical JAK/STAT"
"ccsbBroad304_01613","g17",6794,"duplicate-Cat2","BC007981.2","Inhibitor","ORF005288.1_TRC304.1",0,"STK11","TA_REF","Canonical TOR"
"ccsbBroad304_01666","g19",7046,"0","BC071181.1","0","ORF015809.1_TRC304.1",0,"TGFBR1","TA_REF","Canonical TGFbeta"
"ccsbBroad304_01686","g21",7128,"0","BC114480.1","Inhibitor","ORF004706.1_TRC304.1",0,"TNFAIP3","TA_REF","Canonical NFkB"
"ccsbBroad304_01710","g23",7186,"0","BC032410.1","0","ORF014889.1_TRC304.1",0,"TRAF2","TA_REF","Canonical NFkB"
"ccsbBroad304_01779","i01",7474,"0","BC064694.1","0","ORF016857.1_TRC304.1",0,"WNT5A","TA_REF","Canonical WNT"
"ccsbBroad304_02053","i03",8945,"0","BC027994.1","0","ORF013325.1_TRC304.1",0,"BTRC","TA_REF","Canonical NFkB"
"ccsbBroad304_02064","h22",9021,"0","BC060858.1","Inhibitor","ORF017619.1_TRC304.1",0,"SOCS3","TA_REF","JAK/STAT"
"ccsbBroad304_02173","i05",9474,"0","BC002699.2","0","ORF009904.1_TRC304.1",0,"ATG5","TA_REF","Canonical Autophagy"
"ccsbBroad304_02201","i07",9575,"0","BC126157.1","0","ORF013073.1_TRC304.1",0,"CLOCK","TA_REF","Canonical Circadian Rhythm"
"ccsbBroad304_02218","i09",9641,"0","BC107812.1","0","ORF015653.1_TRC304.1",0,"IKBKE","TA_REF","Canonical NFkB"
"ccsbBroad304_02292","h24",10018,"0","BC033694.1","0","ORF004833.1_TRC304.1",0,"BCL2L11","TA_REF","Apoptosis"
"ccsbBroad304_02706","i13",22943,"0","BC001539.2","Inhibitor","ORF000905.1_TRC304.1",0,"DKK1","TA_REF","Canonical WNT"
"ccsbBroad304_02831","i15",23678,"duplicate-Cat2","BC015326.1","0","ORF017538.1_TRC304.1",0,"SGK3","TA_REF","Canonical TOR"
"ccsbBroad304_02857","i17",25805,"0","BC019252.1","0","ORF000582.1_TRC304.1",0,"BAMBI","TA_REF","Canonical BMP"
"ccsbBroad304_02889","i19",25937,"0","BC014052.2","Inhibitor","ORF010172.1_TRC304.1",0,"WWTR1","TA_REF","Canonical Hippo"
"ccsbBroad304_03433","i21",54541,"0","BC007714.1","Inhibitor","ORF010485.1_TRC304.1",0,"DDIT4","TA_REF","Canonical TOR"
"ccsbBroad304_03512","j04",55054,"0","BC117337.1","0","ORF002068.1_TRC304.1",0,"ATG16L1","TA_REF","Autophagy"
"ccsbBroad304_03625","j06",55662,"0","BC007719.2","0","ORF015198.1_TRC304.1",0,"HIF1AN","TA_REF","Hypoxia"
"ccsbBroad304_03668","k01",55851,"0","BC009575.1","0","ORF012236.1_TRC304.1",0,"PSENEN","TA_REF","Canonical NOTCH"
"ccsbBroad304_03728","k03",56616,"0","BC011909.2","Inhibitor","ORF003986.1_TRC304.1",0,"DIABLO","TA_REF","Canonical Apoptosis"
"ccsbBroad304_03937","n20",64223,"0","BC001313.2","0","ORF015678.1_TRC304.1",0,"MLST8","TA_REF","Canonical TOR"
"ccsbBroad304_03961","k05",64750,"0","BC093876.1","Inhibitor","ORF008092.1_TRC304.1",0,"SMURF2","TA_REF","Canonical SMAD"
"ccsbBroad304_04207","j08",80319,"0","BC119751.1","Inhibitor","ORF006952.1_TRC304.1",0,"CXXC4","TA_REF","WNT"
"ccsbBroad304_05835","k07",331,"0","BC032729.1","Inhibitor","ORF003191.1_TRC304.1",0,"XIAP","TA_REF","Canonical Apoptosis"
"ccsbBroad304_05836","k09",658,"0","BC008718.2","0","ORF017334.1_TRC304.1",0,"BIRC5","TA_REF","Canonical BMP"
"ccsbBroad304_05880","k11",595,"0","BC023620.2","0","ORF005015.1_TRC304.1",0,"CCND1","TA_REF","Canonical Cell Cycle"
"ccsbBroad304_06040","k13",1407,"0","BC030519.1","0","ORF007697.1_TRC304.1",0,"CRY1","TA_REF","Canonical Circadian Rhythm"
"ccsbBroad304_06055","f18",1452,"0","BC008717.2","Inhibitor","ORF016910.1_TRC304.1",0,"CSNK1A1","TA_REF","Canonical WNT"
"ccsbBroad304_06089","k15",1649,"0","BC003637.2","0","ORF010048.1_TRC304.1",0,"DDIT3","TA_REF","Canonical ER Stress/UPR"
"ccsbBroad304_06132","k19",1857,"0","BC032459.1","0","ORF010644.1_TRC304.1",0,"DVL3","TA_REF","Canonical WNT"
"ccsbBroad304_06150","k21",1977,"0","BC012611.1","0","ORF009632.1_TRC304.1",0,"EIF4E","TA_REF","Canonical Translation"
"ccsbBroad304_06365","k23",3091,"0","BC012527.2","0","ORF010635.1_TRC304.1",0,"HIF1A","TA_REF","Canonical Hypoxia"
"ccsbBroad304_06413","m01",3320,"0","CCSB53186.1","0","ORF008989.1_TRC304.1",0,"HSP90AA1","TA_REF","Canonical Protein Stability"
"ccsbBroad304_06435","j10",3516,"0","BC020780.1","0","ORF014243.1_TRC304.1",0,"RBPJ","TA_REF","NOTCH"
"ccsbBroad304_06549","m03",4088,"0","BC050743.1","0","ORF010575.1_TRC304.1",0,"SMAD3","TA_REF","Canonical SMAD"
"ccsbBroad304_06637","m05",4790,"0","BC051765.1","0","ORF002616.1_TRC304.1",0,"NFKB1","TA_REF","Canonical NFkB"
"ccsbBroad304_06683","m07",5045,"duplicate-Cat2","BC012181.1","0","ORF014220.1_TRC304.1",0,"FURIN","TA_REF","Canonical TGFbeta"
"ccsbBroad304_06728","m09",5295,"duplicate-Cat2","BC030815.1","0","ORF008076.1_TRC304.1",0,"PIK3R1","TA_REF","Canonical PI3K/AKT"
"ccsbBroad304_06770","m13",5562,"0","BC048980.1","0","ORF002484.1_TRC304.1",0,"PRKAA1","TA_REF","Canonical Insulin Receptor Signaling"
"ccsbBroad304_06771","m15",5567,"duplicate-Cat2","BC035058.1","0","ORF011766.1_TRC304.1",0,"PRKACB","TA_REF","Canonical PKA"
"ccsbBroad304_06772","j12",5568,"duplicate-Cat2","BC039888.1","0","ORF011457.1_TRC304.1",0,"PRKACG","TA_REF","PKA"
"ccsbBroad304_06831","m17",5879,"0","BC004247.1","0","ORF015137.1_TRC304.1",0,"RAC1","TA_REF","Canonical Cytoskeletal Re-org"
"ccsbBroad304_06837","m19",5894,"duplicate-Cat2","BC018119.2","0","ORF003858.1_TRC304.1",0,"RAF1","TA_REF","Canonical MAPK"
"ccsbBroad304_06846","m21",5925,"0","BC039060.1","Inhibitor","ORF011125.1_TRC304.1",0,"RB1","TA_REF","Canonical Cell Cycle"
"ccsbBroad304_06864","m23",6009,"0","BC066307.1","0","ORF010788.1_TRC304.1",0,"RHEB","TA_REF","Canonical TOR"
"ccsbBroad304_06926","o03",6389,"0","BC001380.2","Inhibitor","ORF012725.1_TRC304.1",0,"SDHA","TA_REF","Canonical Hypoxia"
"ccsbBroad304_06995","o05",6720,"0","BC057388.1","0","ORF003941.1_TRC304.1",0,"SREBF1","TA_REF","Canonical Insulin Receptor Signaling"
"ccsbBroad304_07012","o07",6788,"duplicate-Cat2","BC010640.2","0","ORF005609.1_TRC304.1",0,"STK3","TA_REF","Canonical Hippo"
"ccsbBroad304_07036","o09",6925,"0","BC125084.1","0","ORF010460.1_TRC304.1",0,"TCF4","TA_REF","Canonical WNT"
"ccsbBroad304_07056","o11",7040,"0","BC000125.1","0","ORF014126.1_TRC304.1",0,"TGFB1","TA_REF","Canonical TGFbeta"
"ccsbBroad304_07088","o13",7157,"0","BC003596.1","0","ORF005407.1_TRC304.1",0,"TP53","TA_REF","Canonical DNA Damage"
"ccsbBroad304_07098","o15",7187,"0","BC075086.2","0","ORF002770.1_TRC304.1",0,"TRAF3","TA_REF","Canonical NFkB"
"ccsbBroad304_07101","a04",7249,"0","BC150300.1","Inhibitor","ORF004379.1_TRC304.1",0,"TSC2","TA_REF","Canonical TOR"
"ccsbBroad304_07127","a06",7424,"0","BC035212.1","0","ORF010004.1_TRC304.1",0,"VEGFC","TA_REF","Canonical Hypoxia"
"ccsbBroad304_07128","a08",7428,"0","BC058831.1","Inhibitor","ORF010971.1_TRC304.1",0,"VHL","TA_REF","Canonical Hypoxia"
"ccsbBroad304_07217","a10",8313,"0","BC101533.1","Inhibitor","ORF012865.1_TRC304.1",0,"AXIN2","TA_REF","Canonical WNT"
"ccsbBroad304_07529","a14",10000,"0","BC121154.2","0","ORF017582.1_TRC304.1",0,"AKT3","TA_REF","Canonical PI3K/AKT"
"ccsbBroad304_07601","f20",10413,"0","BC038235.1","Inhibitor","ORF010625.1_TRC304.1",0,"YAP1","TA_REF","Canonical Hippo"
"ccsbBroad304_08116","a16",29110,"duplicate-Cat2","BC034950.2","0","ORF000186.1_TRC304.1",0,"TBK1","TA_REF","Canonical NFkB"
"ccsbBroad304_08230","a18",51135,"0","BC013316.1","0","ORF004747.1_TRC304.1",0,"IRAK4","TA_REF","Canonical NFkB"
"ccsbBroad304_09091","l21",81892,"0","BC017895.1","0","ORF016509.1_TRC304.1",0,"SLIRP","TA_REF","Mitochondria Oxidative Phosphorylation"
"ccsbBroad304_10688","a20",472,"0","BC061584.1","0","ORF018391.1_TRC304.1",0,"ATM","TA_REF","Canonical DNA Damage"
"ccsbBroad304_10689","a22",472,"0","BC022307.1","0","ORF013720.1_TRC304.1",0,"ATM","TA_REF","Canonical DNA Damage"
"ccsbBroad304_10710","a24",841,"0","BC068050.1","0","ORF000710.1_TRC304.1",0,"CASP8","TA_REF","Canonical Apoptosis"
"ccsbBroad304_10790","c02",1855,"0","BC050454.1","0","ORF002187.1_TRC304.1",0,"DVL1","TA_REF","Canonical WNT"
"ccsbBroad304_11001","c04",4853,"0","BC071562.1","0","ORF008772.1_TRC304.1",0,"NOTCH2","TA_REF","Canonical NOTCH"
"ccsbBroad304_11025","j14",5187,"0","BC028207.1","0","ORF016251.1_TRC304.1",0,"PER1","TA_REF","Circadian Rhythm"
"ccsbBroad304_11031","c06",5296,"0","BC014170.2","0","ORF003961.1_TRC304.1",0,"PIK3R2","TA_REF","Canonical PI3K/AKT"
"ccsbBroad304_11052","c08",5527,"0","BC016183.1","Inhibitor","ORF017088.1_TRC304.1",0,"PPP2R5C","TA_REF","Canonical PI3K/AKT"
"ccsbBroad304_11095","c10",5970,"0","BC014095.2","0","ORF011734.1_TRC304.1",0,"RELA","TA_REF","Canonical NFkB"
"ccsbBroad304_11169","c12",6868,"0","BC062687.1","0","ORF001498.1_TRC304.1",0,"ADAM17","TA_REF","Canonical NOTCH"
"ccsbBroad304_11186","c16",7048,"duplicate-Cat2","BC040499.1","0","ORF003823.1_TRC304.1",0,"TGFBR2","TA_REF","Canonical TGFbeta"
"ccsbBroad304_11651","j16",22926,"0","BC014969.1","0","ORF003655.1_TRC304.1",0,"ATF6","TA_REF","ER Stress/UPR"
"ccsbBroad304_12062","c18",54583,"0","BC005369.1","Inhibitor","ORF014137.1_TRC304.1",0,"EGLN1","TA_REF","Canonical Hypoxia"
"ccsbBroad304_12357","n22",57521,"0","BC064515.1","Inhibitor","ORF007545.1_TRC304.1",0,"RPTOR","TA_REF","Canonical TOR"
"ccsbBroad304_13449","c20",253260,"0","BC029608.1","Inhibitor","ORF001410.1_TRC304.1",0,"RICTOR","TA_REF","Canonical TOR"
"ccsbBroad304_13609","j18",345611,"0","BC128168.1","0","ORF017145.1_TRC304.1",0,"IRGM","TA_REF","Autophagy"
"ccsbBroad304_14528","c22",91,"duplicate-Cat2","BC000254.1","0","ORF015922.2_TRC304.1",0,"ACVR1B","TA_REF","Canonical BMP"
"ccsbBroad304_14538","c24",207,"duplicate-Cat2","BC000479.2","0","ORF017112.2_TRC304.1",0,"AKT1","TA_REF","Canonical PI3K/AKT"
"ccsbBroad304_14544","e02",369,"0","BC002466.2","0","ORF010977.2_TRC304.1",0,"ARAF","TA_REF","Canonical MAPK"
"ccsbBroad304_14572","e04",1017,"duplicate-Cat2","BC003065.2","0","ORF013293.2_TRC304.1",0,"CDK2","TA_REF","Canonical Cell Cycle"
"ccsbBroad304_14574","e06",1019,"duplicate-Cat2","BC003644.2","0","ORF012672.2_TRC304.1",0,"CDK4","TA_REF","Canonical Cell Cycle"
"ccsbBroad304_14596","e08",1432,"duplicate-Cat2","BC000092.1","0","ORF006651.2_TRC304.1",0,"MAPK14","TA_REF","Canonical MAPK"
"ccsbBroad304_14599","f22",1452,"duplicate-Cat2","NM_001892.3","Inhibitor","ORF018791.1_TRC304.1",0,"CSNK1A1","TA_REF","Canonical WNT"
"ccsbBroad304_14601","e10",1454,"duplicate-Cat2","BC006490.2","0","ORF013253.2_TRC304.1",0,"CSNK1E","TA_REF","Canonical Circadian Rhythm"
"ccsbBroad304_14634","e14",2081,"0","BC130405.1","0","ORF018927.1_TRC304.1",0,"ERN1","TA_REF","Canonical ER Stress/UPR"
"ccsbBroad304_14680","e18",3717,"0","NM_004972.3","0","ORF019029.1_TRC304.1",0,"JAK2","TA_REF","Canonical JAK/STAT"
"ccsbBroad304_14682","e20",3725,"0","BC006175.1","0","ORF013944.1_TRC304.1",0,"JUN","TA_REF","Canonical MAPK"
"ccsbBroad304_14695","e22",4217,"0","BC054503.2","0","ORF018953.1_TRC304.1",0,"MAP3K5","TA_REF","Canonical MAPK"
"ccsbBroad304_14698","e24",4296,"0","NM_002419.2","0","ORF018909.1_TRC304.1",0,"MAP3K11","TA_REF","Canonical MAPK"
"ccsbBroad304_14699","j20",4342,"duplicate-Cat2","BC069569.1","0","ORF018033.2_TRC304.1",0,"MOS","TA_REF","MAPK"
"ccsbBroad304_14726","j22",5058,"0","NM_002576.4","0","ORF018979.1_TRC304.1",0,"PAK1","TA_REF","Cytoskeletal Re-org"
"ccsbBroad304_14741","g02",5170,"duplicate-Cat2","BC006339.2","0","ORF005783.2_TRC304.1",0,"PDPK1","TA_REF","Canonical PI3K/AKT"
"ccsbBroad304_14759","g04",5290,"duplicate-Cat2","NM_006218.2","0","ORF018902.1_TRC304.1",0,"PIK3CA","TA_REF","Canonical PI3K/AKT"
"ccsbBroad304_14760","g06",5291,"0","NM_006219.1","0","ORF018978.1_TRC304.1",0,"PIK3CB","TA_REF","Canonical PI3K/AKT"
"ccsbBroad304_14763","g08",5295,"duplicate-Cat2","BC030815.1","0","ORF008076.2_TRC304.1",0,"PIK3R1","TA_REF","Canonical PI3K/AKT"
"ccsbBroad304_14776","g10",5562,"0","BC037303.2","0","ORF001629.2_TRC304.1",0,"PRKAA1","TA_REF","Canonical Insulin Receptor Signaling"
"ccsbBroad304_14780","g12",5566,"duplicate-Cat2","NM_002730.3","0","ORF018931.1_TRC304.1",0,"PRKACA","TA_REF","Canonical PKA"
"ccsbBroad304_14781","g16",5567,"duplicate-Cat2","BC035058.1","0","ORF011766.2_TRC304.1",0,"PRKACB","TA_REF","Canonical PKA"
"ccsbBroad304_14782","j24",5568,"duplicate-Cat2","BC039888.1","0","ORF011457.2_TRC304.1",0,"PRKACG","TA_REF","PKA"
"ccsbBroad304_14788","g18",5578,"0","NM_002737.2","0","ORF018986.1_TRC304.1",0,"PRKCA","TA_REF","Canonical PKC"
"ccsbBroad304_14790","g20",5581,"0","NM_005400.2","0","ORF018987.1_TRC304.1",0,"PRKCE","TA_REF","Canonical PKC"
"ccsbBroad304_14796","g22",5590,"duplicate-Cat2","BC008058.2","0","ORF000888.2_TRC304.1",0,"PRKCZ","TA_REF","Canonical PKC"
"ccsbBroad304_14799","g24",5594,"duplicate-Cat2","NM_138957.2","0","ORF018934.1_TRC304.1",0,"MAPK1","TA_REF","Canonical MAPK"
"ccsbBroad304_14800","i02",5595,"0","NM_002746.2","0","ORF018945.1_TRC304.1",0,"MAPK3","TA_REF","Canonical MAPK"
"ccsbBroad304_14803","i04",5599,"0","NM_139047.1","0","ORF018856.1_TRC304.1",0,"MAPK8","TA_REF","Canonical MAPK"
"ccsbBroad304_14804","i08",5601,"duplicate-Cat2","BC032539.1","0","ORF002850.2_TRC304.1",0,"MAPK9","TA_REF","Canonical MAPK"
"ccsbBroad304_14806","i10",5603,"duplicate-Cat2","BC000433.2","0","ORF005805.2_TRC304.1",0,"MAPK13","TA_REF","Canonical MAPK"
"ccsbBroad304_14807","i12",5604,"duplicate-Cat2","NM_002755.3","0","ORF018842.1_TRC304.1",0,"MAP2K1","TA_REF","Canonical MAPK"
"ccsbBroad304_14825","i14",5894,"duplicate-Cat2","BC018119.2","0","ORF003858.2_TRC304.1",0,"RAF1","TA_REF","Canonical MAPK"
"ccsbBroad304_14833","i16",6198,"0","BC053365.1","0","ORF005343.2_TRC304.1",0,"RPS6KB1","TA_REF","Canonical TOR"
"ccsbBroad304_14850","i18",6788,"duplicate-Cat2","BC010640.2","0","ORF005609.2_TRC304.1",0,"STK3","TA_REF","Canonical Hippo"
"ccsbBroad304_14853","i20",6794,"duplicate-Cat2","BC007981.2","Inhibitor","ORF005288.2_TRC304.1",0,"STK11","TA_REF","Canonical TOR"
"ccsbBroad304_14856","i22",6885,"0","BC017715.2","0","ORF006730.1_TRC304.1",0,"MAP3K7","TA_REF","Canonical MAPK"
"ccsbBroad304_14861","i24",7046,"0","NM_004612.2","0","ORF018873.1_TRC304.1",0,"TGFBR1","TA_REF","Canonical TGFbeta"
"ccsbBroad304_14862","k02",7048,"duplicate-Cat2","BC040499.1","0","ORF003823.2_TRC304.1",0,"TGFBR2","TA_REF","Canonical TGFbeta"
"ccsbBroad304_14905","k04",8569,"0","NM_003684.4","0","ORF018966.1_TRC304.1",0,"MKNK1","TA_REF","Canonical MAPK"
"ccsbBroad304_14910","k06",8737,"0","BC126254.1","0","ORF018877.1_TRC304.1",0,"RIPK1","TA_REF","Canonical NFkB"
"ccsbBroad304_14943","k10",9641,"0","NM_014002.2","0","ORF018971.1_TRC304.1",0,"IKBKE","TA_REF","Canonical NFkB"
"ccsbBroad304_14950","k12",10000,"duplicate-Cat2","NM_005465.3","0","ORF018975.1_TRC304.1",0,"AKT3","TA_REF","Canonical PI3K/AKT"
"ccsbBroad304_14956","k14",10128,"0","NM_133259.2","0","ORF018957.1_TRC304.1",0,"LRPPRC","TA_REF","Canonical Mitochondria Oxidative Phosphorylation"
"ccsbBroad304_14974","k16",10746,"duplicate-Cat2","NM_006609.3","0","ORF018890.1_TRC304.1",0,"MAP3K2","TA_REF","Canonical MAPK"
"ccsbBroad304_15022","k18",23678,"duplicate-Cat2","BC015326.1","0","ORF017538.2_TRC304.1",0,"SGK3","TA_REF","Canonical TOR"
"ccsbBroad304_15050","k20",29110,"duplicate-Cat2","BC034950.2","0","ORF000186.2_TRC304.1",0,"TBK1","TA_REF","Canonical NFkB"
"ccsbBroad304_15196","l02",84433,"0","NM_032415.2","0","ORF018918.1_TRC304.1",0,"CARD11","TA_REF","NFkB"
