"","Taxon","Gene","Symbol","Description","Transcript","Nuc..Match..","Prot..Match..","Match.Diffs","Treatment"
"1","human","468","ATF4","activating transcription factor 4","NM_001675.4",100,100,"","ATF4_WT.1"
"2","human","7249","TSC2","tuberous sclerosis 2","NM_001114382.2",99.9,99.7,"(many diffs)","TSC2_WT"
"3","human","581","BAX","BCL2 associated X, apoptosis regulator","NM_138761.3",100,100,"","BAX_WT"
"4","human","7424","VEGFC","vascular endothelial growth factor C","NM_005429.4",99.9,99.7,"1240A>C","VEGFC_WT.1"
"5","human","595","CCND1","cyclin D1","NM_053056.2",100,100,"","CCND1_WT.1"
"6","human","7428","VHL","von Hippel-Lindau tumor suppressor","NM_198156.2",99.8,99.4,"328C>T","VHL_WT.1"
"7","human","658","BMPR1B","bone morphogenetic protein receptor type 1B","NM_001203.2",100,100,"","BMPR1B_WT.1"
"8","human","8313","AXIN2","axin 2","NM_004655.3",99.8,99.8,"148C>T;1365A>G;1386C>T","AXIN2_WT.1"
"9","human","672","BRCA1","BRCA1, DNA repair associated","NM_007299.3",100,100,"","BRCA1_WT"
"10","human","842","CASP9","caspase 9","NM_001278054.1",57.9,49.8,"(many diffs)","CASP9_WT"
"11","human","10000","AKT3","AKT serine/threonine kinase 3","NM_001206729.1",99.9,99.7,"836T>G","AKT3_WT.1"
"12","human","29110","TBK1","TANK binding kinase 1","NM_013254.3",99.8,99.7,"978T>A;1162A>G;1708A>C","TBK1_WT.1"
"13","human","1017","CDK2","cyclin dependent kinase 2","NM_001798.4",99.8,30.1,"236delT","CDK2_WT.1"
"14","human","51135","IRAK4","interleukin 1 receptor associated kinase 4","NM_001114182.2",99.9,100,"291G>A","IRAK4_WT"
"15","human","1019","CDK4","cyclin dependent kinase 4","NM_000075.3",100,100,"","CDK4_WT.1"
"16","human","472","ATM","ATM serine/threonine kinase","XM_017017792.1",6.2,6.1,"332_333insTA;335_5325del","ATM_WT.1"
"17","human","1026","CDKN1A","cyclin dependent kinase inhibitor 1A","NM_000389.4",100,100,"","CDKN1A_WT"
"18","human","472","ATM","ATM serine/threonine kinase","XM_006718845.1",7.6,7.6,"394_5124del","ATM_WT.2"
"19","human","1326","MAP3K8","mitogen-activated protein kinase kinase kinase 8","NM_001244134.1",100,100,"","MAP3K8_WT"
"20","human","841","CASP8","caspase 8","NM_033358.3",81.2,69.1,"(many diffs)","CASP8_WT.1"
"21","human","83939","EIF2A","eukaryotic translation initiation factor 2A","NM_032025.4",100,100,"","EIF2A_WT.1"
"22","human","1499","CTNNB1","catenin beta 1","NM_001904.3:c.97TCTGGAATCCATTCTGGTGCCACTACCACAGCTCCTTCT>GCTGGAATCCATGCTGGTGCCACTGCCACAGCTCCTGCT",100,100,"","CTNNB1_S33A.S37A.T41A.T45A"
"23","human","2932","GSK3B","glycogen synthase kinase 3 beta","NM_001146156.1",100,100,"","GSK3B_WT.1"
"24","human","5578","PRKCA","protein kinase C alpha","NM_002737.2",96.3,62.2,"(many diffs)","PRKCA_K368R"
"25","human","10746","MAP3K2","mitogen-activated protein kinase kinase kinase 2","NM_006609.4",100,100,"","MAP3K2_WT.1"
"26","human","369","ARAF","A-Raf proto-oncogene, serine/threonine kinase","NM_001654.4",100,100,"","ARAF_WT.1"
"27","human","84433","CARD11","caspase recruitment domain family member 11","NM_001324281.1",98.6,21.8,"(many diffs)","CARD11_L225LI"
"28","human","7494","XBP1","X-box binding protein 1","NM_005080.3",100,100,"","XBP1_WT.1"
"29","human","998","CDC42","cell division cycle 42","NM_001791.3:c.182A>T",100,100,"","CDC42_Q61L"
"30","human","3309","HSPA5","heat shock protein family A (Hsp70) member 5","NM_005347.4",100,100,"","HSPA5_WT"
"31","human","7428","VHL","von Hippel-Lindau tumor suppressor","NM_000551.3",100,100,"","VHL_WT.2"
"32","human","5894","RAF1","Raf-1 proto-oncogene, serine/threonine kinase","NM_002880.3:c.1837C>G",100,100,"","RAF1_L613V"
"33","human","2932","GSK3B","glycogen synthase kinase 3 beta","NM_001146156.1",99.9,99.7,"1256delC","GSK3B_WT.2"
"34","human","5879","RAC1","ras-related C3 botulinum toxin substrate 1 (rho family, small GTP binding protein Rac1)","NM_006908.4:c.182A>T",100,100,"","RAC1_Q61L"
"35","human","1977","EIF4E","eukaryotic translation initiation factor 4E","NM_001968.3",100,100,"","EIF4E_WT.1"
"36","human","5879","RAC1","ras-related C3 botulinum toxin substrate 1 (rho family, small GTP binding protein Rac1)","NM_006908.4:c.50_51delCTinsAC",100,100,"","RAC1_T17N"
"37","human","387","RHOA","ras homolog family member A","NM_001664.2:c.188A>T",100,100,"","RHOA_Q63L"
"38","human","1855","DVL1","dishevelled segment polarity protein 1","NM_004421.2",66.2,66.1,"366A>G;647_1324del","DVL1_WT.1"
"39","human","4853","NOTCH2","notch 2","NM_001200001.1",99.9,99.9,"2295A>G;2837G>A","NOTCH2_WT"
"40","human","1386","ATF2","activating transcription factor 2","NM_001256090.1",100,100,"","ATF2_WT"
"41","human","5296","PIK3R2","phosphoinositide-3-kinase regulatory subunit 2","NM_005027.3",34.7,34.7,"1_1425del;1911T>C","PIK3R2_WT"
"42","human","1432","MAPK14","mitogen-activated protein kinase 14","NM_139012.2",100,100,"","MAPK14_WT.1"
"43","human","5527","PPP2R5C","protein phosphatase 2 regulatory subunit B'gamma","NM_178587.2",85.5,85.5,"1153_1347del","PPP2R5C_WT.1"
"44","human","102800317","LOC400927-CSNK1E","LOC400927-CSNK1E readthrough","NM_001289912.1",98.7,98.3,"(many diffs)","CSNK1E_WT.1"
"45","human","5970","RELA","RELA proto-oncogene, NF-kB subunit","NM_001243985.1",54.9,50.2,"679_1019del;1080_1344del","RELA_WT.1"
"46","human","1856","DVL2","dishevelled segment polarity protein 2","NM_004422.2",76.9,53.6,"(many diffs)","DVL2_WT"
"47","human","6868","ADAM17","ADAM metallopeptidase domain 17","NM_003183.5",25.3,25,"(many diffs)","ADAM17_WT"
"48","human","1978","EIF4EBP1","eukaryotic translation initiation factor 4E binding protein 1","NM_004095.3",100,100,"","EIF4EBP1_WT"
"49","human","2002","ELK1","ELK1, ETS transcription factor","NM_001114123.2",100,100,"","ELK1_WT"
"50","human","7048","TGFBR2","transforming growth factor beta receptor 2","NM_003242.5",58.8,22.5,"373_374insA;1003_1701del","TGFBR2_WT.1"
"51","human","2271","FH","fumarate hydratase","NM_000143.3",100,100,"","FH_WT"
"52","human","253260","RICTOR","RPTOR independent companion of MTOR complex 2","XM_006714463.3",15.7,2.8,"(many diffs)","RICTOR_WT"
"53","human","3551","IKBKB","inhibitor of kappa light polypeptide gene enhancer in B-cells, kinase beta","XM_005273494.2",58.6,57,"(many diffs)","IKBKB_WT"
"54","human","91","ACVR1B","activin A receptor type 1B","NM_004302.4",100,100,"","ACVR1B_WT.1"
"55","human","3667","IRS1","insulin receptor substrate 1","NM_005544.2",100,100,"","IRS1_WT"
"56","human","207","AKT1","AKT serine/threonine kinase 1","NM_001014431.1",100,100,"","AKT1_WT.1"
"57","human","331","XIAP","X-linked inhibitor of apoptosis","NM_001167.3",99.8,58.1,"216A>G;865delT","XIAP_WT.1"
"58","human","7046","TGFBR1","transforming growth factor beta receptor 1","NM_001130916.1:c.464A>G",99.9,36.2,"449delA","TGFBR1_K232R"
"59","human","998","CDC42","cell division cycle 42","NM_001039802.1",100,100,"","CDC42_WT"
"60","human","673","BRAF","B-Raf proto-oncogene, serine/threonine kinase","NM_004333.4:c.1799T>A",99.8,100,"36G>T;573C>A;1929A>G","BRAF_V600E"
"61","human","7157","TP53","tumor protein p53","NM_000546.5",99.9,99.7,"215C>G","TP53_WT.1"
"62","human","6714","SRC","SRC proto-oncogene, non-receptor tyrosine kinase","NM_198291.1:c.1589A>T",100,100,"","SRC_Y527F"
"63","human","1407","CRY1","cryptochrome circadian clock 1","NM_004075.4",100,100,"","CRY1_WT.1"
"64","human","3091","HIF1A","hypoxia inducible factor 1 alpha subunit","NM_001530.3",100,100,"","HIF1A_WT.1"
"65","human","3845","KRAS","KRAS proto-oncogene, GTPase","NM_004985.3:c.35G>T",99.8,100,"366T>C","KRAS_G12V"
"66","human","4791","NFKB2","nuclear factor kappa B subunit 2","NM_001077494.3",80.5,5.2,"(many diffs)","NFKB2_WT"
"67","human","3265","HRAS","HRas proto-oncogene, GTPase","NM_005343.2:c.35G>T",100,100,"","HRAS_G12V"
"68","human","5879","RAC1","ras-related C3 botulinum toxin substrate 1 (rho family, small GTP binding protein Rac1)","NM_006908.4",100,100,"","RAC1_WT.1"
"69","human","2081","ERN1","endoplasmic reticulum to nucleus signaling 1","NM_001433.3",99.9,100,"2475T>C;2802A>G","ERN1_WT.1"
"70","human","207","AKT1","AKT serine/threonine kinase 1","NM_005163.2:c.49G>A",100,100,"","AKT1_E17K"
"71","human","2261","FGFR3","fibroblast growth factor receptor 3","NM_000142.4",99.9,99.8,"1948A>G;2292G>A","FGFR3_K650E"
"72","human","6198","RPS6KB1","ribosomal protein S6 kinase B1","NM_003161.3",100,100,"","RPS6KB1_WT.1"
"73","human","2078","ERG","ERG, ETS transcription factor","NM_182918.3:c.1_96del",99.8,54.8,"456C>T;734_735insT","ERG_truncated"
"74","human","1869","E2F1","E2F transcription factor 1","NM_005225.2",87.8,3.3,"(many diffs)","E2F1_WT"
"75","human","8678","BECN1","beclin 1","NM_001313998.1",99.9,99.7,"308C>T","BECN1_WT"
"76","human","4851","NOTCH1","notch 1","NM_017617.3:c.4_5280del",99.5,99.4,"(many diffs)","NOTCH1_ICN1.1"
"77","human","4089","SMAD4","SMAD family member 4","NM_005359.5",100,100,"","SMAD4_WT"
"78","human","369","ARAF","A-Raf proto-oncogene, serine/threonine kinase","NM_001654.4",100,100,"","ARAF_WT.2"
"79","human","4090","SMAD5","SMAD family member 5","NM_001001419.2",100,100,"","SMAD5_WT"
"80","human","1017","CDK2","cyclin dependent kinase 2","NM_001798.4",100,100,"","CDK2_WT.2"
"81","human","4792","NFKBIA","NFKB inhibitor alpha","NM_020529.2",100,100,"","NFKBIA_WT"
"82","human","1019","CDK4","cyclin dependent kinase 4","NM_000075.3",100,100,"","CDK4_WT.2"
"83","human","4793","NFKBIB","NFKB inhibitor beta","NM_002503.4",100,100,"","NFKBIB_WT"
"84","human","1432","MAPK14","mitogen-activated protein kinase 14","NM_139012.2",100,100,"","MAPK14_WT.2"
"85","human","5170","PDPK1","3-phosphoinositide dependent protein kinase 1","NM_031268.5",99.5,99.3,"(many diffs)","PDPK1_WT.1"
"86","human","102800317","LOC400927-CSNK1E","LOC400927-CSNK1E readthrough","NM_001289912.1",100,100,"","CSNK1E_WT.2"
"87","human","5291","PIK3CB","phosphatidylinositol-4,5-bisphosphate 3-kinase catalytic subunit beta","NM_006219.2",100,100,"","PIK3CB_WT.1"
"88","human","5293","PIK3CD","phosphatidylinositol-4,5-bisphosphate 3-kinase catalytic subunit delta","NM_005026.3",100,100,"","PIK3CD_WT"
"89","human","2081","ERN1","endoplasmic reticulum to nucleus signaling 1","NM_001433.3",99.1,25.2,"(many diffs)","ERN1_WT.2"
"90","human","5567","PRKACB","protein kinase cAMP-activated catalytic subunit beta","NM_207578.2",100,100,"","PRKACB_WT.1"
"91","human","3717","JAK2","Janus kinase 2","NM_001322194.1",96.8,86.6,"(many diffs)","JAK2_WT"
"92","human","5578","PRKCA","protein kinase C alpha","NM_002737.2",99.9,67.4,"1357delT","PRKCA_WT.1"
"93","human","3725","JUN","Jun proto-oncogene, AP-1 transcription factor subunit","NM_002228.3",99.8,99.6,"973A>T","JUN_WT.1"
"94","human","5581","PRKCE","protein kinase C epsilon","NM_005400.2",100,100,"","PRKCE_WT.1"
"95","human","4217","MAP3K5","mitogen-activated protein kinase kinase kinase 5","NM_005923.3",93.4,3,"(many diffs)","MAP3K5_WT"
"96","human","5590","PRKCZ","protein kinase C zeta","NM_002744.4",100,100,"","PRKCZ_WT.1"
"97","human","4296","MAP3K11","mitogen-activated protein kinase kinase kinase 11","NM_002419.3",58.1,30.6,"(many diffs)","MAP3K11_WT"
"98","human","1050","CEBPA","CCAAT/enhancer binding protein alpha","NM_004364.4",99.8,99.7,"559_560delCCinsTG","CEBPA_WT.1"
"99","human","7188","TRAF5","TNF receptor associated factor 5","NM_001033910.2",100,100,"","TRAF5_WT"
"100","human","1050","CEBPA","CCAAT/enhancer binding protein alpha","NM_004364.4",100,100,"","CEBPA_WT.2"
"101","human","650","BMP2","bone morphogenetic protein 2","NM_001200.3",100,100,"","BMP2_WT"
"102","human","1387","CREBBP","CREB binding protein","NM_004380.2",100,100,"","CREBBP_WT"
"103","human","4794","NFKBIE","NFKB inhibitor epsilon","NM_004556.2",78.5,19.6,"225_546del","NFKBIE_WT"
"104","human","2064","ERBB2","erb-b2 receptor tyrosine kinase 2","NM_004448.3",99.9,99.9,"1963A>G;3764_3765delTG","ERBB2_WT.2"
"105","human","2887","GRB10","growth factor receptor bound protein 10","NM_001001550.2",99.9,100,"141G>A","GRB10_WT.1"
"106","human","3845","KRAS","KRAS proto-oncogene, GTPase","NM_004985.4",100,100,"","KRAS_WT.1"
"107","human","468","ATF4","activating transcription factor 4","NM_001675.4",99.9,99.7,"1000C>G","ATF4_WT.2"
"108","human","3845","KRAS","KRAS proto-oncogene, GTPase","NM_004985.4",99.8,100,"366T>C","KRAS_WT.2"
"109","human","598","BCL2L1","BCL2 like 1","NM_001317919.1",100,100,"","BCL2L1_WT"
"110","human","7184","HSP90B1","heat shock protein 90 beta family member 1","NM_003299.2",99.9,100,"2277C>T","HSP90B1_WT.1"
"111","human","1452","CSNK1A1","casein kinase 1 alpha 1","NM_001892.5",99.9,99.7,"691C>A","CSNK1A1_WT.1"
"112","human","1649","DDIT3","DNA damage inducible transcript 3","NM_001195057.1",99.8,100,"30C>T","DDIT3_WT.1"
"113","human","10413","YAP1","Yes associated protein 1","NM_001130145.2",99.8,99.8,"1491A>C;1510T>C","YAP1_WT.1"
"114","human","3725","JUN","Jun proto-oncogene, AP-1 transcription factor subunit","NM_002228.3",100,100,"","JUN_WT.2"
"115","human","1452","CSNK1A1","casein kinase 1 alpha 1","NM_001892.5",99.5,22.5,"226_226delAinsCAN;229_230delCGinsNN","CSNK1A1_WT.2"
"116","human","8313","AXIN2","axin 2","NM_004655.3",99.8,99.8,"148C>T;1365A>G;1386C>T","AXIN2_WT.2"
"117","human","10413","YAP1","Yes associated protein 1","NM_001130145.2",99.9,99.8,"1000A>G","YAP1_WT.2"
"118","human","5599","MAPK8","mitogen-activated protein kinase 8","NM_001278547.1",100,100,"","MAPK8_WT.1"
"119","human","5170","PDPK1","3-phosphoinositide dependent protein kinase 1","NM_031268.5",100,100,"","PDPK1_WT.2"
"120","human","5601","MAPK9","mitogen-activated protein kinase 9","NM_002752.4",100,100,"","MAPK9_WT.1"
"121","human","5290","PIK3CA","phosphatidylinositol-4,5-bisphosphate 3-kinase catalytic subunit alpha","NM_006218.3",99.3,21.2,"(many diffs)","PIK3CA_WT.1"
"122","human","5603","MAPK13","mitogen-activated protein kinase 13","NM_002754.4",99.9,100,"51A>C","MAPK13_WT.1"
"123","human","5291","PIK3CB","phosphatidylinositol-4,5-bisphosphate 3-kinase catalytic subunit beta","NM_006219.2",99.2,19.2,"(many diffs)","PIK3CB_WT.2"
"124","human","5971","RELB","RELB proto-oncogene, NF-kB subunit","NM_006509.3",100,100,"","RELB_WT"
"125","human","5295","PIK3R1","phosphoinositide-3-kinase regulatory subunit 1","NM_181504.3",99.9,99.7,"541G>A","PIK3R1_WT.1"
"126","human","6009","RHEB","Ras homolog enriched in brain","NM_005614.3",100,100,"","RHEB_WT.1"
"127","human","5562","PRKAA1","protein kinase AMP-activated catalytic subunit alpha 1","NM_006251.5",98.3,98.3,"1_27del","PRKAA1_WT.1"
"128","human","6772","STAT1","signal transducer and activator of transcription 1","NM_139266.2",100,100,"","STAT1_WT"
"129","human","5566","PRKACA","protein kinase cAMP-activated catalytic subunit alpha","NM_002730.3",99.7,99.4,"680T>N;682_683delCTinsNN","PRKACA_WT.1"
"130","human","6774","STAT3","signal transducer and activator of transcription 3","NM_139276.2",99.9,100,"1680C>T","STAT3_WT"
"131","human","5567","PRKACB","protein kinase cAMP-activated catalytic subunit beta","NM_002731.3",99.7,99.1,"475C>A;487C>A;781C>A","PRKACB_WT.2"
"132","human","6794","STK11","serine/threonine kinase 11","NM_000455.4",99.9,100,"690C>T","STK11_WT.1"
"133","human","5578","PRKCA","protein kinase C alpha","NM_002737.2",99.5,33,"(many diffs)","PRKCA_WT.2"
"134","human","7046","TGFBR1","transforming growth factor beta receptor 1","NM_001130916.2",100,100,"","TGFBR1_WT.1"
"135","human","5581","PRKCE","protein kinase C epsilon","NM_005400.2",99.5,72.4,"(many diffs)","PRKCE_WT.2"
"136","human","7128","TNFAIP3","TNF alpha induced protein 3","NM_001270507.1",99.9,76.1,"1757delC","TNFAIP3_WT"
"137","human","5590","PRKCZ","protein kinase C zeta","NM_002744.4",100,100,"","PRKCZ_WT.2"
"138","human","7186","TRAF2","TNF receptor associated factor 2","NM_021138.3",100,100,"","TRAF2_WT"
"139","human","5594","MAPK1","mitogen-activated protein kinase 1","NM_002745.4",99.5,98.8,"3_5delGGC;463C>N;508C>N","MAPK1_WT.2"
"140","human","5527","PPP2R5C","protein phosphatase 2 regulatory subunit B'gamma","NM_002719.3",99.1,73.2,"(many diffs)","PPP2R5C_WT.2"
"141","human","324","APC","APC, WNT signaling pathway regulator","NM_000038.5",98,2.9,"(many diffs)","APC_WT"
"142","human","841","CASP8","caspase 8","NM_001080124.1",96.1,52.6,"(many diffs)","CASP8_WT.2"
"143","human","1499","CTNNB1","catenin beta 1","NM_001098209.1",100,100,"","CTNNB1_WT"
"144","human","1452","CSNK1A1","casein kinase 1 alpha 1","NM_001892.5",99.9,99.7,"691C>A","CSNK1A1_WT.3"
"145","human","3654","IRAK1","interleukin 1 receptor associated kinase 1","NM_001025243.1",100,100,"","IRAK1_WT"
"146","human","10413","YAP1","Yes associated protein 1","NM_001195045.1",100,100,"","YAP1_WT.3"
"147","human","5045","FURIN","furin, paired basic amino acid cleaving enzyme","NM_001289823.1",99.9,100,"1851G>C","FURIN_WT.1"
"148","human","10413","YAP1","Yes associated protein 1","NM_001195045.1",100,100,"","YAP1_WT.4"
"149","human","4790","NFKB1","nuclear factor kappa B subunit 1","NM_003998.3",100,100,"","NFKB1_WT.1"
"150","human","182","JAG1","jagged 1","NM_000214.2",99.8,99.7,"3549_3551delGAAinsTGC;3553_3554delCCinsTT","JAG1_WT"
"151","human","4170","MCL1","BCL2 family apoptosis regulator","NM_021960.4",81.8,70.5,"(many diffs)","MCL1_WT"
"152","human","6416","MAP2K4","mitogen-activated protein kinase kinase 4","NM_003010.3",99.6,99.4,"20_22delGCG;80C>G","MAP2K4_WT.1"
"153","human","4342","MOS","v-mos Moloney murine sarcoma viral oncogene homolog","NM_005372.1",99.7,99.4,"935G>C;1021T>C;1028C>G","MOS_WT.1"
"154","human","5058","PAK1","p21 (RAC1) activated kinase 1","NM_002576.4",100,100,"","PAK1_WT.1"
"155","human","2887","GRB10","growth factor receptor bound protein 10","NM_001001550.2",99.9,100,"141G>A","GRB10_WT.2"
"156","human","9021","SOCS3","suppressor of cytokine signaling 3","NM_003955.4",100,100,"","SOCS3_WT"
"157","human","10000","AKT3","AKT serine/threonine kinase 3","NM_005465.4",100,100,"","AKT3_WT.2"
"158","human","10018","BCL2L11","BCL2 like 11","NM_138621.4",100,100,"","BCL2L11_WT"
"159","human","7474","WNT5A","Wnt family member 5A","NM_003392.4",100,100,"","WNT5A_WT"
"160","human","5595","MAPK3","mitogen-activated protein kinase 3","NM_002746.2",99.6,35.3,"(many diffs)","MAPK3_WT"
"161","human","8945","BTRC","beta-transducin repeat containing E3 ubiquitin protein ligase","NM_033637.3",100,100,"","BTRC_WT"
"162","human","9474","ATG5","autophagy related 5","NM_001286106.1",100,100,"","ATG5_WT"
"163","human","9575","CLOCK","clock circadian regulator","NM_001267843.1",99.9,100,"1764T>C","CLOCK_WT"
"164","human","5601","MAPK9","mitogen-activated protein kinase 9","NM_002752.4",100,100,"","MAPK9_WT.2"
"165","human","9641","IKBKE","inhibitor of kappa light polypeptide gene enhancer in B-cells, kinase epsilon","NM_001193321.1",100,100,"","IKBKE_WT.1"
"166","human","5603","MAPK13","mitogen-activated protein kinase 13","NM_002754.4",99.9,100,"51A>C","MAPK13_WT.2"
"167","human","5604","MAP2K1","mitogen-activated protein kinase kinase 1","NM_002755.3",99.9,36.3,"413_414insG","MAP2K1_WT.1"
"168","human","22943","DKK1","dickkopf WNT signaling pathway inhibitor 1","NM_012242.2",100,100,NA,"DKK1_WT"
"169","human","5894","RAF1","Raf-1 proto-oncogene, serine/threonine kinase","NM_002880.3",100,100,"","RAF1_WT.1"
"170","human","23678","SGK3","serum/glucocorticoid regulated kinase family member 3","NM_001033578.2",100,100,"","SGK3_WT.1"
"171","human","6198","RPS6KB1","ribosomal protein S6 kinase B1","NM_001272043.1",100,100,"","RPS6KB1_WT.2"
"172","human","25805","BAMBI","BMP and activin membrane bound inhibitor","NM_012342.2",100,100,"","BAMBI_WT"
"173","human","6788","STK3","serine/threonine kinase 3","NM_006281.3",100,100,"","STK3_WT.1"
"174","human","25937","WWTR1","WW domain containing transcription regulator 1","NM_001168278.1",100,100,"","WWTR1_WT"
"175","human","6794","STK11","serine/threonine kinase 11","NM_000455.4",100,100,"","STK11_WT.2"
"176","human","54541","DDIT4","DNA damage inducible transcript 4","NM_019058.2",100,100,"","DDIT4_WT"
"177","human","6885","MAP3K7","mitogen-activated protein kinase kinase kinase 7","NM_003188.3",100,100,"","MAP3K7_WT"
"178","human","7046","TGFBR1","transforming growth factor beta receptor 1","NM_004612.3",98.9,43.4,"(many diffs)","TGFBR1_WT.2"
"179","human","7184","HSP90B1","heat shock protein 90 beta family member 1","NM_003299.2",99.9,100,"2277C>T","HSP90B1_WT.2"
"180","human","5728","PTEN","phosphatase and tensin homolog","NM_000314.6",100,100,"","PTEN_WT"
"181","human","55054","ATG16L1","autophagy related 16 like 1","NM_001190266.1",100,100,"","ATG16L1_WT"
"182","human","7187","TRAF3","TNF receptor associated factor 3","NM_003300.3",100,100,"","TRAF3_WT.1"
"183","human","55662","HIF1AN","hypoxia inducible factor 1 alpha subunit inhibitor","NM_017902.2",100,100,"","HIF1AN_WT"
"184","human","79109","MAPKAP1","mitogen-activated protein kinase associated protein 1","NM_024117.3",100,100,"","MAPKAP1_WT"
"185","human","80319","CXXC4","CXXC finger protein 4","NM_025212.3",53.9,53.9,"1_507del","CXXC4_WT"
"186","human","5966","REL","REL proto-oncogene, NF-kB subunit","NM_002908.3",100,100,"","REL_WT.1"
"187","human","3516","RBPJ","recombination signal binding protein for immunoglobulin kappa J region","NM_203283.2",99.9,100,"189T>C","RBPJ_WT.1"
"188","human","5568","PRKACG","protein kinase cAMP-activated catalytic subunit gamma","NM_002732.3",99.8,99.7,"12C>T;1033G>C","PRKACG_WT.1"
"189","human","5187","PER1","period circadian clock 1","XM_005256690.1",46.5,44.7,"1630_1735del;1823_3690del","PER1_WT.1"
"190","human","22926","ATF6","activating transcription factor 6","XM_011509310.2",33.5,33.1,"(many diffs)","ATF6_WT.1"
"191","human","5606","MAP2K3","mitogen-activated protein kinase kinase 3","NM_145109.2",99.9,100,"858C>A","MAP2K3_WT"
"192","human","345611","IRGM","immunity related GTPase M","NM_001145805.1",97.6,96.6,"(many diffs)","IRGM_WT.1"
"193","human","23239","PHLPP1","PH domain and leucine rich repeat protein phosphatase 1","NM_194449.3",99.7,99.6,"(many diffs)","PHLPP1_WT"
"194","human","4342","MOS","v-mos Moloney murine sarcoma viral oncogene homolog","NM_005372.1",100,100,NA,"MOS_WT.2"
"195","human","54583","EGLN1","egl-9 family hypoxia inducible factor 1","NM_022051.2",100,100,"","EGLN1_WT.2"
"196","human","5058","PAK1","p21 (RAC1) activated kinase 1","NM_002576.4",62.4,38.5,"(many diffs)","PAK1_WT.2"
"197","human","54583","EGLN1","egl-9 family hypoxia inducible factor 1","NM_022051.2",100,100,"","EGLN1_WT.3"
"198","human","5568","PRKACG","protein kinase cAMP-activated catalytic subunit gamma","NM_002732.3",99.9,99.7,"1033G>C","PRKACG_WT.2"
"199","human","7048","TGFBR2","transforming growth factor beta receptor 2","NM_003242.5",58.9,58.9,"1003_1701del","TGFBR2_WT.2"
"200","human","56616","DIABLO","diablo IAP-binding mitochondrial protein","NM_019887.5",100,100,"","DIABLO_WT"
"201","human","8569","MKNK1","MAP kinase interacting serine/threonine kinase 1","NM_003684.5",99.2,44.3,"(many diffs)","MKNK1_WT"
"202","human","64750","SMURF2","SMAD specific E3 ubiquitin protein ligase 2","NM_022739.3",100,100,"","SMURF2_WT"
"203","human","8737","RIPK1","receptor interacting serine/threonine kinase 1","NM_003804.4",67.9,37,"(many diffs)","RIPK1_WT"
"204","human","331","XIAP","X-linked inhibitor of apoptosis","NM_001167.3",99.9,99.7,"1485T>G","XIAP_WT.2"
"205","human","332","BIRC5","baculoviral IAP repeat containing 5","NM_001168.2",93.8,82.3,"(many diffs)","BMPR1B_WT.2"
"206","human","9641","IKBKE","inhibitor of kappa light polypeptide gene enhancer in B-cells, kinase epsilon","NM_014002.3",99.2,28.6,"(many diffs)","IKBKE_WT.2"
"207","human","595","CCND1","cyclin D1","NM_053056.2",99.8,100,"723G>A","CCND1_WT.2"
"208","human","10000","AKT3","AKT serine/threonine kinase 3","NM_005465.4",99,97.5,"(many diffs)","AKT3_WT.3"
"209","human","1407","CRY1","cryptochrome circadian clock 1","NM_004075.4",99.9,100,"636T>C","CRY1_WT.2"
"210","human","10128","LRPPRC","leucine rich pentatricopeptide repeat containing","NM_133259.3",99.5,15.3,"(many diffs)","LRPPRC_WT"
"211","human","1649","DDIT3","DNA damage inducible transcript 3","NM_001195057.1",99.8,100,"30C>T","DDIT3_WT.2"
"212","human","10746","MAP3K2","mitogen-activated protein kinase kinase kinase 2","NM_006609.4",98.6,34.5,"(many diffs)","MAP3K2_WT.2"
"213","human","23678","SGK3","serum/glucocorticoid regulated kinase family member 3","NM_001033578.2",100,100,"","SGK3_WT.2"
"214","human","1857","DVL3","dishevelled segment polarity protein 3","NM_004423.3",99.9,99.8,"1298G>T","DVL3_WT"
"215","human","29110","TBK1","TANK binding kinase 1","NM_013254.3",99.8,99.7,"978T>A;1162A>G;1708A>C","TBK1_WT.2"
"216","human","1977","EIF4E","eukaryotic translation initiation factor 4E","NM_001968.3",99.6,99.5,"241T>C;379G>A","EIF4E_WT.2"
"217","human","7494","XBP1","X-box binding protein 1","NM_005080.3",100,100,"","XBP1_WT.2"
"218","human","3091","HIF1A","hypoxia inducible factor 1 alpha subunit","NM_001530.3",99.9,100,"12C>T","HIF1A_WT.2"
"219","human","7494","XBP1","X-box binding protein 1","NM_005080.3",96.6,66.3,"493_518del","XBP1_WT.3"
"220","human","7248","TSC1","tuberous sclerosis 1","NM_000368.4",100,100,"","TSC1_WT.1"
"221","human","84433","CARD11","caspase recruitment domain family member 11","NM_001324281.1",98.6,21.7,"(many diffs)","CARD11_WT"
"222","human","7189","TRAF6","TNF receptor associated factor 6","NM_004620.3",100,100,"","TRAF6_WT.1"
"223","human","5569","PKIA","protein kinase (cAMP-dependent, catalytic) inhibitor alpha","NM_006823.3",100,100,"","PKIA_WT"
"224","human","7189","TRAF6","TNF receptor associated factor 6","NM_004620.3",100,100,"","TRAF6_WT.2"
"225","human","5568","PRKACG","protein kinase cAMP-activated catalytic subunit gamma","NM_002732.3",100,100,"","PRKACG_WT.3"
"226","human","5187","PER1","period circadian clock 1","NM_002616.2",100,100,"","PER1_WT.2"
"227","human","673","BRAF","B-Raf proto-oncogene, serine/threonine kinase","NM_004333.4",100,100,"","BRAF_WT.1"
"228","human","22926","ATF6","activating transcription factor 6","NM_007348.3",99.6,99.5,"(many diffs)","ATF6_WT.2"
"229","human","673","BRAF","B-Raf proto-oncogene, serine/threonine kinase","NM_004333.4",100,100,"","BRAF_WT.2"
"230","human","84335","AKT1S1","AKT1 substrate 1","NM_001098632.2",99.8,99.6,"139G>C","AKT1S1_WT.1"
"231","human","84335","AKT1S1","AKT1 substrate 1","NM_001098632.2",99.8,99.6,"139G>C","AKT1S1_WT.2"
"232","human","4851","NOTCH1","notch 1","NM_017617.4",100,100,"","NOTCH1_WT.2"
"233","human","345611","IRGM","immunity related GTPase M","NM_001145805.1",100,100,"","IRGM_WT.2"
"234","human","81892","SLIRP","SRA stem-loop interacting RNA binding protein","NM_031210.5",99.6,100,"19A>C","SLIRP_WT.1"
"235","human","3516","RBPJ","recombination signal binding protein for immunoglobulin kappa J region","NM_203283.2",99.9,100,"189T>C","RBPJ_WT.2"
"236","human","81892","SLIRP","SRA stem-loop interacting RNA binding protein","NM_031210.5",99.3,99,"13G>A;19A>C","SLIRP_WT.2"
"237","human","28514","DLL1","delta like canonical Notch ligand 1","NM_005618.3",100,100,"","DLL1_WT"
"238","human","3320","HSP90AA1","heat shock protein 90 alpha family class A member 1","NM_005348.3",81.4,69.5,"(many diffs)","HSP90AA1_WT"
"239","human","4088","SMAD3","SMAD family member 3","NM_005902.3",99.9,100,"309A>G","SMAD3_WT.1"
"240","human","5566","PRKACA","protein kinase cAMP-activated catalytic subunit alpha","NM_002730.3",99.8,99.4,"13G>C;1046C>G","PRKACA_WT.2"
"241","human","4790","NFKB1","nuclear factor kappa B subunit 1","NM_003998.3",87.5,82.7,"(many diffs)","NFKB1_WT.2"
"242","human","5290","PIK3CA","phosphatidylinositol-4,5-bisphosphate 3-kinase catalytic subunit alpha","NM_006218.3",100,100,"","PIK3CA_WT.2"
"243","human","5045","FURIN","furin, paired basic amino acid cleaving enzyme","NM_001289823.1",99.9,100,"1851G>C;1974C>T","FURIN_WT.2"
"244","human","5295","PIK3R1","phosphoinositide-3-kinase regulatory subunit 1","NM_181504.3",99.9,99.7,"541G>A","PIK3R1_WT.2"
"245","human","4293","MAP3K9","mitogen-activated protein kinase kinase kinase 9","NM_033141.3",99.9,99.9,"3035C>A","MAP3K9_WT"
"246","human","7424","VEGFC","vascular endothelial growth factor C","NM_005429.4",96.3,93.3,"(many diffs)","VEGFC_WT.2"
"247","human","5562","PRKAA1","protein kinase AMP-activated catalytic subunit alpha 1","NM_206907.3",99.9,99.8,"28A>T","PRKAA1_WT.2"
"248","human","1147","CHUK","conserved helix-loop-helix ubiquitous kinase","NM_001278.4",100,100,"","CHUK_WT.2"
"249","human","5567","PRKACB","protein kinase cAMP-activated catalytic subunit beta","NM_002731.3",99.7,99.1,"475C>A;487C>A;781C>A","PRKACB_WT.3"
"250","human","5879","RAC1","ras-related C3 botulinum toxin substrate 1 (rho family, small GTP binding protein Rac1)","NM_006908.4",99.8,99.4,"404C>T","RAC1_WT.2"
"251","human","5894","RAF1","Raf-1 proto-oncogene, serine/threonine kinase","NM_002880.3",99.9,99.8,"1943T>A","RAF1_WT.2"
"252","human","7046","TGFBR1","transforming growth factor beta receptor 1","NM_001130916.2",85.7,80.3,"(many diffs)","TGFBR1_WT.3"
"253","human","5925","RB1","RB transcriptional corepressor 1","NM_000321.2",100,100,"","RB1_WT.2"
"254","human","6925","TCF4","transcription factor 4","NM_003199.2",99.9,100,"1929A>G","TCF4_WT.1"
"255","human","6009","RHEB","Ras homolog enriched in brain","NM_005614.3",99.8,99.4,"257C>T","RHEB_WT.2"
"256","human","1855","DVL1","dishevelled segment polarity protein 1","NM_004421.2",99.9,100,"366A>G","DVL1_WT.2"
"257","human","1019","CDK4","cyclin dependent kinase 4","NM_000075.3:c.70C>T",100,100,"","CDK4_R24C"
"258","human","6608","SMO","smoothened, frizzled class receptor","NM_005631.4",100,100,"","SMO_WT.1"
"259","human","658","BMPR1B","bone morphogenetic protein receptor type 1B","NM_001203.2",99.8,100,"1506_1507insTGA","BMPR1B_K231R"
"260","human","6608","SMO","smoothened, frizzled class receptor","NM_005631.4",99.7,99.6,"2080_2082delCCTinsATG;2086C>G;2093C>G","SMO_WT.2"
"261","human","2735","GLI1","GLI family zinc finger 1","NM_005269.2",100,100,"","GLI1_WT"
"262","human","64798","DEPTOR","DEP domain containing MTOR-interacting protein","NM_022783.3",100,100,"","DEPTOR_WT.1"
"263","human","5590","PRKCZ","protein kinase C zeta","NM_002744.4",99.9,100,"861G>A","PRKCZ_del1-238"
"264","human","64798","DEPTOR","DEP domain containing MTOR-interacting protein","NM_022783.3",100,100,"","DEPTOR_WT.2"
"265","human","5578","PRKCA","protein kinase C alpha","NM_002737.2",99.7,99.8,"974_975delAAinsTG;1122G>A;2016_2017insTGA","PRKCA_del1-325"
"266","human","5581","PRKCE","protein kinase C epsilon","NM_005400.2",99.7,73.3,"1182_1183insATG;1329C>A;1615_1616insT","PRKCE_del1-394"
"267","human","10891","PPARGC1A","PPARG coactivator 1 alpha","NM_013261.3",100,100,"","PPARGC1A_WT.2"
"268","human","5590","PRKCZ","protein kinase C zeta","NM_002744.4",99.9,71.4,"1266delC","PRKCZ_K281R"
"269","human","6772","STAT1","signal transducer and activator of transcription 1","NM_139266.2:c.2102A>T",100,100,"","STAT1_Y701F"
"270","human","4615","MYD88","myeloid differentiation primary response 88","NM_002468.4",91.5,15.5,"(many diffs)","MYD88_L265P"
"271","human","64223","MLST8","MTOR associated protein, LST8 homolog","NM_001199173.1",100,100,"","MLST8_WT"
"272","human","57521","RPTOR","regulatory associated protein of MTOR complex 1","NM_001163034.1",32.2,32.2,"1138_3531del","RPTOR_WT"
"273","human","6774","STAT3","signal transducer and activator of transcription 3","NM_139276.2:c.2114A>T",100,100,"","STAT3_Y705F"
"274","human","4615","MYD88","myeloid differentiation primary response 88","NM_002468.4",96,95.7,"1_37del","MYD88_WT"
"275","human","4088","SMAD3","SMAD family member 3","NM_001145102.1",75,4.2,"(many diffs)","SMAD3_WT.2"
"276","human","6389","SDHA","succinate dehydrogenase complex flavoprotein subunit A","NM_004168.3",99.9,100,"891T>C","SDHA_WT"
"277","human","5970","RELA","RELA proto-oncogene, NF-kB subunit","NM_001243985.1",99.8,46.6,"624_625insG;777delC","RELA_WT.2"
"278","human","6720","SREBF1","sterol regulatory element binding transcription factor 1","NM_004176.4",94.3,90.2,"(many diffs)","SREBF1_WT"
"279","human","83939","EIF2A","eukaryotic translation initiation factor 2A","XM_011513224.1",59.3,45,"(many diffs)","EIF2A_WT.2"
"280","human","6788","STK3","serine/threonine kinase 3","NM_006281.3",99.9,99.7,"10C>A","STK3_WT.2"
"281","human","317","APAF1","apoptotic peptidase activating factor 1","NM_181861.1",98.5,25.8,"(many diffs)","APAF1_WT"
"282","human","6925","TCF4","transcription factor 4","NM_001083962.1",99.9,100,"1941A>G","TCF4_WT.2"
"283","human","7040","TGFB1","transforming growth factor beta 1","NM_000660.5",99.9,99.7,"29C>T","TGFB1_WT"
"284","human","6416","MAP2K4","mitogen-activated protein kinase kinase 4","NM_003010.3",99.8,51,"626_627insT;825A>G","MAP2K4_WT.2"
"285","human","7157","TP53","tumor protein p53","NM_001126112.2:c.832C>G",99.9,99.7,"215C>G","TP53_WT.2"
"286","human","5604","MAP2K1","mitogen-activated protein kinase kinase 1","NM_002755.3",99.7,81.9,"929T>A;966_967insC;1158A>C","MAP2K1_WT.2"
"287","human","7187","TRAF3","TNF receptor associated factor 3","NM_003300.3",81.6,73,"(many diffs)","TRAF3_WT.2"
"288","human","5966","REL","REL proto-oncogene, NF-kB subunit","NM_002908.3",99.9,67.5,"1251delC","REL_WT.2"
"289","human","6774","STAT3","signal transducer and activator of transcription 3","NM_139276.2:c.1984GCTACCAAT>TGTACCTGT",100,100,"","STAT3_C-C"
"290","human","2308","FOXO1","forkhead box O1","NM_002015.3",99.9,78.9,"1542_1543insA","FOXO1_WT.1"
"291","human","2308","FOXO1","forkhead box O1","NM_002015.3",100,100,"","FOXO1_WT.2"
"292","human","10000","AKT3","AKT serine/threonine kinase 3","NM_005465.4",99.9,99.7,"49G>A","AKT3_E17K"
"293","human","658","BMPR1B","bone morphogenetic protein receptor type 1B","NM_001256794.1:c.607CAG>GAC",99.9,54.5,"817_818insC","BMPR1B_Q203D"
"294","human","91","ACVR1B","activin A receptor type 1B","NM_004302.4",100,100,"","ACVR1B_WT.3"
"295","human","998","CDC42","cell division cycle 42","NM_001791.3:c.50CA>AC",100,100,"","CDC42_T17N"
"296","human","207","AKT1","AKT serine/threonine kinase 1","NM_001014431.1",79.2,57.1,"(many diffs)","AKT1_WT.2"
"297","human","22926","ATF6","activating transcription factor 6","NM_007348.3",97.7,55,"(many diffs)","ATF6_1-373"
"298","human","208","AKT2","AKT serine/threonine kinase 2","NM_001626.5",96.8,58.7,"(many diffs)","AKT2_WT"
"299","human","7494","XBP1","X-box binding protein 1","NM_005080.3",100,100,"","XBP1_S"
"300","human","387","RHOA","ras homolog family member A","NM_001313941.1",100,100,"","RHOA_WT"
"301","human","387","RHOA","ras homolog family member A","NM_001664.2:c.56CA>AC",99.8,100,"162G>A","RHOA_T19N"
"302","human","406","ARNTL","aryl hydrocarbon receptor nuclear translocator like","NM_001030272.2",100,100,"","ARNTL_WT"
